{"alpha": [0.10000000149011612, 0.10000000149011612, 0.10000000149011612, 0.10000000149011612, 0.10000000149011612, 0.10000000149011612, 0.10000000149011612, 0.10000000149011612, 0.10000000149011612, 0.10000000149011612], "tw": [{"words": ["dna", "strand", "protein", "singl", "bind", "activ", "complex", "polymeras", "doubl", "form", "topoisomeras", "templat", "reaction", "replic", "enzym", "break", "iii", "primas", "synthesi", "helicas", "use", "requir", "purifi", "presenc", "histon", "circular", "supercoil", "initi", "duplex", "interact", "rna", "inhibit", "coli", "nativ", "primer", "chromatin", "substrat", "denatur", "associ", "also", "unwind", "can", "factor", "vitro", "bound", "format", "result", "assay", "suggest", "specif"], "weights": [0.126, 0.044, 0.035, 0.025, 0.019, 0.018, 0.015, 0.014, 0.013, 0.01, 0.01, 0.01, 0.009, 0.009, 0.007, 0.007, 0.007, 0.006, 0.006, 0.006, 0.006, 0.006, 0.006, 0.006, 0.005, 0.005, 0.005, 0.005, 0.005, 0.005, 0.005, 0.005, 0.005, 0.005, 0.005, 0.005, 0.005, 0.004, 0.004, 0.004, 0.004, 0.004, 0.004, 0.004, 0.004, 0.004, 0.004, 0.004, 0.004, 0.004]}, {"words": ["dna", "bind", "degre", "increas", "protein", "concentr", "atp", "complex", "depend", "incub", "bound", "000", "transform", "salt", "chang", "receptor", "cellulos", "treatment", "high", "donor", "chromatographi", "extract", "nacl", "amount", "result", "chloroplast", "affin", "follow", "weight", "show", "uptak", "fraction", "isol", "effect", "molecular", "decreas", "prepar", "upon", "observ", "cell", "rate", "purifi", "lesion", "obtain", "low", "dose", "free", "indic", "recipi", "method"], "weights": [0.076, 0.021, 0.02, 0.017, 0.017, 0.016, 0.016, 0.016, 0.014, 0.009, 0.009, 0.008, 0.008, 0.008, 0.008, 0.008, 0.007, 0.007, 0.007, 0.007, 0.007, 0.007, 0.006, 0.006, 0.006, 0.006, 0.006, 0.006, 0.006, 0.006, 0.006, 0.006, 0.006, 0.005, 0.005, 0.005, 0.005, 0.005, 0.005, 0.005, 0.005, 0.005, 0.005, 0.005, 0.005, 0.005, 0.004, 0.004, 0.004, 0.004]}, {"words": ["dna", "label", "fragment", "molecul", "one", "hybrid", "contain", "cell", "end", "rna", "synthes", "length", "hpv", "base", "result", "incorpor", "time", "mitochondri", "amount", "nucleotid", "chromatin", "nuclear", "indic", "condit", "form", "digest", "case", "close", "per", "product", "determin", "total", "pair", "also", "measur", "releas", "size", "nucleas", "thymidin", "newli", "found", "fraction", "associ", "particl", "obtain", "ratio", "mutat", "chain", "posit", "region"], "weights": [0.11, 0.018, 0.012, 0.011, 0.01, 0.008, 0.008, 0.008, 0.008, 0.008, 0.008, 0.007, 0.007, 0.007, 0.006, 0.006, 0.006, 0.006, 0.005, 0.005, 0.005, 0.005, 0.005, 0.005, 0.005, 0.005, 0.004, 0.004, 0.004, 0.004, 0.004, 0.004, 0.004, 0.004, 0.004, 0.004, 0.004, 0.004, 0.004, 0.004, 0.004, 0.004, 0.004, 0.004, 0.004, 0.003, 0.003, 0.003, 0.003, 0.003]}, {"words": ["dna", "repair", "cell", "damag", "synthesi", "induc", "inhibit", "content", "tumor", "human", "use", "drug", "bleomycin", "molecular", "weight", "effect", "high", "agent", "lymphocyt", "measur", "aneuploid", "investig", "littl", "excis", "howev", "presenc", "low", "chromium", "studi", "clinic", "blood", "increas", "polymer", "peptid", "patient", "mean", "light", "permeabl", "expos", "process", "found", "elimin", "result", "exposur", "line", "may", "produc", "mous", "induct", "fibroblast"], "weights": [0.084, 0.038, 0.032, 0.028, 0.021, 0.017, 0.014, 0.011, 0.01, 0.01, 0.009, 0.008, 0.008, 0.008, 0.007, 0.006, 0.006, 0.006, 0.006, 0.006, 0.005, 0.005, 0.005, 0.005, 0.005, 0.005, 0.005, 0.005, 0.005, 0.005, 0.004, 0.004, 0.004, 0.004, 0.004, 0.004, 0.004, 0.004, 0.004, 0.004, 0.004, 0.004, 0.004, 0.004, 0.004, 0.004, 0.004, 0.004, 0.004, 0.003]}, {"words": ["dna", "cell", "replic", "viral", "viru", "infect", "sv40", "cellular", "integr", "gene", "type", "genom", "contain", "vitro", "sequenc", "host", "recombin", "hbv", "hsv", "extract", "origin", "lambda", "molecul", "cultur", "site", "system", "plasmid", "activ", "adenoviru", "transform", "synthes", "linear", "phage", "fragment", "human", "uracil", "glycosylas", "normal", "protein", "chicken", "result", "simian", "form", "nuclei", "product", "cycl", "detect", "endogen", "indic", "two"], "weights": [0.092, 0.06, 0.029, 0.023, 0.023, 0.018, 0.013, 0.011, 0.011, 0.009, 0.008, 0.008, 0.008, 0.007, 0.007, 0.007, 0.006, 0.006, 0.006, 0.006, 0.006, 0.005, 0.005, 0.005, 0.005, 0.005, 0.005, 0.005, 0.004, 0.004, 0.004, 0.004, 0.004, 0.004, 0.004, 0.004, 0.004, 0.004, 0.004, 0.004, 0.004, 0.004, 0.003, 0.003, 0.003, 0.003, 0.003, 0.003, 0.003, 0.003]}, {"words": ["dna", "polymeras", "activ", "alpha", "synthesi", "cell", "inhibit", "beta", "liver", "replic", "nuclei", "rat", "nuclear", "isol", "use", "delta", "studi", "vitro", "enzym", "level", "effect", "stimul", "thymu", "also", "calf", "observ", "gamma", "purifi", "inhibitor", "depend", "normal", "increas", "methyl", "suggest", "function", "templat", "correl", "associ", "vivo", "time", "sensit", "mous", "rate", "tissu", "triphosph", "pcna", "transfect", "revers", "human", "compar"], "weights": [0.122, 0.058, 0.023, 0.022, 0.021, 0.016, 0.011, 0.009, 0.009, 0.008, 0.008, 0.008, 0.008, 0.008, 0.007, 0.007, 0.006, 0.006, 0.006, 0.006, 0.006, 0.006, 0.005, 0.005, 0.005, 0.005, 0.005, 0.004, 0.004, 0.004, 0.004, 0.004, 0.004, 0.004, 0.004, 0.004, 0.003, 0.003, 0.003, 0.003, 0.003, 0.003, 0.003, 0.003, 0.003, 0.003, 0.003, 0.003, 0.003, 0.003]}, {"words": ["dna", "antibodi", "bind", "anti", "may", "suggest", "specif", "protein", "complex", "result", "structur", "possibl", "differ", "link", "cross", "role", "site", "methyl", "studi", "modifi", "data", "conform", "adduct", "discuss", "system", "monoclon", "sle", "respons", "found", "model", "evid", "major", "indic", "regul", "base", "interact", "helix", "immun", "patient", "provid", "mechan", "investig", "induc", "recogn", "format", "report", "chang", "sera", "serum", "mice"], "weights": [0.099, 0.022, 0.02, 0.018, 0.014, 0.014, 0.014, 0.012, 0.011, 0.011, 0.011, 0.011, 0.01, 0.008, 0.008, 0.008, 0.007, 0.006, 0.006, 0.006, 0.006, 0.006, 0.006, 0.006, 0.005, 0.005, 0.005, 0.005, 0.005, 0.005, 0.005, 0.005, 0.005, 0.005, 0.005, 0.005, 0.005, 0.005, 0.005, 0.005, 0.004, 0.004, 0.004, 0.004, 0.004, 0.004, 0.004, 0.004, 0.004, 0.004]}, {"words": ["dna", "acid", "coli", "strain", "mutant", "packag", "phi", "amino", "temperatur", "escherichia", "type", "poli", "degrad", "activ", "sensit", "effici", "homolog", "enzym", "two", "compon", "plasmid", "phage", "cytosin", "nucleic", "differ", "age", "act", "methyl", "use", "level", "reduc", "delet", "deoxyribonucl", "show", "heterogen", "purifi", "treat", "treatment", "paramet", "relat", "resist", "analog", "adenosin", "requir", "wild", "induc", "free", "fragment", "extract", "random"], "weights": [0.066, 0.028, 0.027, 0.019, 0.017, 0.016, 0.013, 0.012, 0.012, 0.011, 0.011, 0.011, 0.01, 0.009, 0.008, 0.008, 0.008, 0.007, 0.006, 0.006, 0.006, 0.006, 0.006, 0.006, 0.006, 0.005, 0.005, 0.005, 0.005, 0.005, 0.004, 0.004, 0.004, 0.004, 0.004, 0.004, 0.004, 0.004, 0.004, 0.004, 0.004, 0.004, 0.004, 0.004, 0.004, 0.003, 0.003, 0.003, 0.003, 0.003]}, {"words": ["dna", "gel", "pattern", "group", "electrophoresi", "digest", "agaros", "patient", "show", "method", "restrict", "hand", "diploid", "electron", "new", "one", "detect", "use", "enzym", "tumour", "sampl", "differ", "microscopi", "tumor", "less", "among", "left", "recov", "adduct", "studi", "case", "rrna", "ploidi", "histolog", "bacteria", "exhibit", "reveal", "characterist", "assay", "probe", "progress", "well", "demonstr", "potenti", "isol", "product", "cleavag", "diseas", "stain", "sperm"],