{"alpha": [0.20000000298023224, 0.20000000298023224, 0.20000000298023224, 0.20000000298023224, 0.20000000298023224], "tw": [{"words": ["ethanol", "increas", "mol", "mumol", "effect", "medg", "dose", "calvado", "oesophag", "higher", "beverag", "alcohol", "nmbza", "modul", "similar", "dna", "contain", "made", "significantli", "farm", "coincid", "control", "produc", "lung", "level", "aqueou", "wine", "concentr", "bodi", "nitrosamin", "bioactiv", "oesophagu", "cancer", "methyl", "determin", "valu", "relationship", "base", "appl", "investig", "high", "depend", "studi", "suggest", "howev", "activ", "also", "associ", "metabol", "statist"], "weights": [0.05, 0.022, 0.022, 0.022, 0.019, 0.019, 0.016, 0.013, 0.013, 0.01, 0.01, 0.01, 0.01, 0.01, 0.007, 0.007, 0.007, 0.007, 0.007, 0.007, 0.007, 0.007, 0.007, 0.007, 0.007, 0.007, 0.007, 0.007, 0.007, 0.007, 0.007, 0.007, 0.007, 0.007, 0.004, 0.004, 0.004, 0.004, 0.004, 0.004, 0.004, 0.004, 0.004, 0.004, 0.004, 0.004, 0.004, 0.004, 0.004, 0.004]}, {"words": ["dna", "plant", "genom", "organ", "increas", "content", "methyl", "flower", "ethanol", "veget", "methylcytosin", "ppav", "strain", "cell", "form", "differ", "studi", "gradient", "synthas", "one", "regul", "appl", "high", "variou", "bud", "rel", "valu", "acc", "kbp", "mrna", "use", "amount", "dose", "develop", "degre", "isol", "made", "mumol", "iowa", "known", "supercoil", "level", "mitochondri", "irradi", "chang", "may", "sensit", "cdna", "imag", "serolog"], "weights": [0.002, 0.002, 0.002, 0.002, 0.002, 0.002, 0.002, 0.002, 0.002, 0.002, 0.002, 0.002, 0.002, 0.002, 0.002, 0.002, 0.002, 0.002, 0.002, 0.002, 0.002, 0.002, 0.002, 0.002, 0.002, 0.002, 0.002, 0.002, 0.002, 0.002, 0.002, 0.002, 0.002, 0.002, 0.002, 0.002, 0.002, 0.002, 0.002, 0.002, 0.002, 0.002, 0.002, 0.002, 0.002, 0.002, 0.002, 0.002, 0.002, 0.002]}, {"words": ["dna", "plant", "flower", "transform", "methyl", "organ", "content", "methylcytosin", "plasmid", "genom", "gradient", "differ", "gener", "veget", "use", "gene", "studi", "cell", "appl", "variou", "bud", "one", "pcm54", "regul", "hygromycin", "protoplast", "phytophthora", "element", "parasitica", "per", "capsici", "transcript", "blot", "leav", "associ", "amount", "tissu", "hybrid", "chang", "enzym", "probabl", "exposur", "shoot", "reveal", "mechan", "hardli", "differenti", "tobacco", "indict", "anim"], "weights": [0.029, 0.022, 0.018, 0.018, 0.018, 0.015, 0.015, 0.015, 0.015, 0.011, 0.011, 0.011, 0.011, 0.011, 0.008, 0.008, 0.008, 0.008, 0.008, 0.008, 0.008, 0.008, 0.008, 0.008, 0.008, 0.008, 0.008, 0.008, 0.008, 0.008, 0.008, 0.004, 0.004, 0.004, 0.004, 0.004, 0.004, 0.004, 0.004, 0.004, 0.004, 0.004, 0.004, 0.004, 0.004, 0.004, 0.004, 0.004, 0.004, 0.004]}, {"words": ["sequenc", "dna", "strain", "program", "use", "ppav", "structur", "acid", "restrict", "appl", "amino", "comput", "genom", "valu", "iowa", "kbp", "form", "secondari", "describ", "can", "determin", "growth", "serolog", "mycoplasma", "size", "000", "speci", "protein", "mitochondri", "supercoil", "develop", "rel", "predict", "hydrophob", "similar", "organ", "algorithm", "enzym", "design", "500", "addit", "degre", "method", "high", "relationship", "evalu", "gene", "graphic", "routin", "analysi"], "weights": [0.024, 0.018, 0.018, 0.016, 0.014, 0.012, 0.01, 0.01, 0.01, 0.008, 0.008, 0.008, 0.008, 0.008, 0.008, 0.008, 0.008, 0.006, 0.006, 0.006, 0.006, 0.006, 0.006, 0.006, 0.006, 0.006, 0.006, 0.006, 0.006, 0.006, 0.006, 0.006, 0.004, 0.004, 0.004, 0.004, 0.004, 0.004, 0.004, 0.004, 0.004, 0.004, 0.004, 0.004, 0.004, 0.004, 0.004, 0.004, 0.004, 0.004]}, {"words": ["protein", "movement", "synthas", "acc", "famili", "sequenc", "viru", "two", "mrna", "cell", "petal", "ethylen", "product", "cdna", "caracc3", "carnat", "acid", "amino", "comovirus", "senesc", "tomato", "repres", "flower", "dna", "increas", "appl", "similar", "base", "requir", "plant", "use", "respect", "genom", "motif", "aclsv", "geminivirus", "rna", "mediat", "hsp90", "caulimo", "conserv", "virus", "databas", "second", "screen", "isol", "induc", "indic", "accumul", "pcr"], "weights": [0.038, 0.025, 0.02, 0.02, 0.018, 0.015, 0.015, 0.013, 0.013, 0.01, 0.01, 0.01, 0.01, 0.01, 0.01, 0.01, 0.008, 0.008, 0.008, 0.008, 0.008, 0.008, 0.008, 0.005, 0.005, 0.005, 0.005, 0.005, 0.005, 0.005, 0.005, 0.005, 0.005, 0.005, 0.005, 0.005, 0.005, 0.005, 0.005, 0.005, 0.005, 0.005, 0.005, 0.005, 0.005, 0.005, 0.005, 0.005, 0.005, 0.005]}]}