{"alpha": [0.20000000298023224, 0.20000000298023224, 0.20000000298023224, 0.20000000298023224, 0.20000000298023224], "tw": [{"words": ["smoke", "dose", "activ", "greater", "measur", "increas", "result", "pst", "effect", "cigarett", "differ", "hemispher", "rate", "use", "perform", "marijuana", "butt", "two", "protein", "action", "minut", "inhibit", "condens", "higher", "respons", "similar", "nicotin", "pig", "five", "reduc", "test", "high", "method", "left", "papna", "rel", "analysi", "volum", "respond", "basolater", "hydrolyz", "detect", "studi", "relat", "involv", "necessari", "apic", "initi", "skin", "hand"], "weights": [0.011, 0.01, 0.009, 0.007, 0.007, 0.007, 0.006, 0.006, 0.006, 0.006, 0.006, 0.006, 0.005, 0.005, 0.005, 0.005, 0.005, 0.005, 0.005, 0.005, 0.005, 0.004, 0.004, 0.004, 0.004, 0.004, 0.004, 0.004, 0.004, 0.004, 0.004, 0.003, 0.003, 0.003, 0.003, 0.003, 0.003, 0.003, 0.003, 0.003, 0.003, 0.003, 0.003, 0.003, 0.003, 0.003, 0.003, 0.003, 0.003, 0.002]}, {"words": ["margin", "restor", "dentin", "bond", "composit", "caviti", "butt", "resin", "joint", "prepar", "bevel", "use", "cement", "group", "adhes", "two", "teeth", "enamel", "etch", "test", "show", "measur", "differ", "studi", "surfac", "contract", "polymer", "strength", "effect", "materi", "gap", "crown", "smoke", "ban", "cure", "prisma", "result", "type", "agent", "round", "one", "finish", "class", "month", "extract", "appli", "leakag", "silux", "fractur", "contain"], "weights": [0.02, 0.018, 0.016, 0.016, 0.014, 0.014, 0.012, 0.012, 0.012, 0.011, 0.01, 0.01, 0.009, 0.007, 0.007, 0.006, 0.006, 0.006, 0.006, 0.006, 0.006, 0.006, 0.006, 0.006, 0.006, 0.005, 0.005, 0.005, 0.005, 0.005, 0.005, 0.005, 0.004, 0.004, 0.004, 0.004, 0.004, 0.004, 0.004, 0.004, 0.004, 0.004, 0.004, 0.004, 0.004, 0.004, 0.004, 0.004, 0.003, 0.003]}, {"words": ["cigarett", "butt", "smoke", "margin", "nicotin", "use", "porcelain", "length", "surfac", "crown", "found", "metal", "result", "less", "amount", "microscop", "measur", "fit", "gene", "column", "differ", "approxim", "filter", "indic", "yield", "end", "standard", "studi", "medium", "obtain", "also", "follow", "shoulder", "chang", "degre", "marijuana", "carbon", "recov", "tar", "high", "live", "rang", "mean", "concentr", "area", "100", "human", "weight", "fill", "techniqu"], "weights": [0.024, 0.02, 0.016, 0.015, 0.01, 0.007, 0.007, 0.007, 0.006, 0.006, 0.006, 0.005, 0.005, 0.005, 0.005, 0.005, 0.005, 0.004, 0.004, 0.004, 0.004, 0.004, 0.004, 0.004, 0.004, 0.004, 0.004, 0.003, 0.003, 0.003, 0.003, 0.003, 0.003, 0.003, 0.003, 0.003, 0.003, 0.003, 0.003, 0.003, 0.003, 0.003, 0.003, 0.003, 0.003, 0.003, 0.003, 0.003, 0.003, 0.003]}, {"words": ["carcass", "fat", "trim", "lean", "use", "cut", "muscl", "increas", "weight", "sex", "bone", "valu", "level", "first", "pst", "post", "percentag", "treat", "rel", "skin", "slaughter", "pig", "select", "half", "fabric", "rib", "associ", "yield", "accret", "thick", "per", "day", "butt", "steer", "growth", "either", "line", "influenc", "studi", "cell", "three", "end", "12th", "subprim", "remain", "primal", "group", "less", "standard", "four"], "weights": [0.025, 0.022, 0.01, 0.009, 0.009, 0.008, 0.007, 0.007, 0.006, 0.006, 0.006, 0.005, 0.005, 0.005, 0.005, 0.005, 0.005, 0.005, 0.005, 0.005, 0.004, 0.004, 0.004, 0.004, 0.004, 0.004, 0.004, 0.004, 0.004, 0.004, 0.004, 0.004, 0.004, 0.004, 0.004, 0.004, 0.003, 0.003, 0.003, 0.003, 0.003, 0.003, 0.003, 0.003, 0.003, 0.003, 0.003, 0.003, 0.003, 0.003]}, {"words": ["butt", "strain", "examin", "analysi", "use", "produc", "product", "growth", "smoke", "hsdhase", "probabl", "test", "may", "indic", "chang", "one", "12alpha", "clinic", "show", "restor", "time", "categori", "infest", "determin", "margin", "investig", "agar", "result", "evalu", "organ", "variabl", "serratia", "cigarett", "degre", "repres", "tick", "oxo", "protein", "esthet", "data", "hydrogen", "herd", "iron", "tripl", "sugar", "four", "sem", "design", "effect", "present"], "weights": [0.013, 0.012, 0.01, 0.009, 0.009, 0.006, 0.006, 0.006, 0.005, 0.005, 0.004, 0.004, 0.004, 0.004, 0.004, 0.004, 0.004, 0.004, 0.004, 0.004, 0.004, 0.004, 0.004, 0.004, 0.004, 0.003, 0.003, 0.003, 0.003, 0.003, 0.003, 0.003, 0.003, 0.003, 0.003, 0.003, 0.003, 0.003, 0.003, 0.003, 0.003, 0.003, 0.003, 0.003, 0.003, 0.003, 0.003, 0.003, 0.003, 0.003]}]}