{"alpha": [0.20000000298023224, 0.20000000298023224, 0.20000000298023224, 0.20000000298023224, 0.20000000298023224], "tw": [{"words": ["transform", "plasmid", "use", "dna", "gene", "per", "parasitica", "phytophthora", "protoplast", "capsici", "hygromycin", "pcm54", "element", "appl", "blot", "contain", "loss", "exposur", "strain", "enzym", "addit", "heat", "respect", "hybrid", "shock", "promot", "shown", "pepper", "southern", "6000", "500", "gener", "infect", "host", "spp", "driselas", "intosh", "resist", "serrano", "retain", "follow", "hsp70", "transmit", "novozym", "glycol", "fruit", "appear", "maydi", "seedl", "extra"], "weights": [0.027, 0.022, 0.011, 0.011, 0.011, 0.011, 0.011, 0.011, 0.011, 0.011, 0.011, 0.011, 0.011, 0.006, 0.006, 0.006, 0.006, 0.006, 0.006, 0.006, 0.006, 0.006, 0.006, 0.006, 0.006, 0.006, 0.006, 0.006, 0.006, 0.006, 0.006, 0.006, 0.006, 0.006, 0.006, 0.006, 0.006, 0.006, 0.006, 0.006, 0.006, 0.006, 0.006, 0.006, 0.006, 0.006, 0.006, 0.006, 0.006, 0.006]}, {"words": ["strain", "dna", "genom", "ppav", "organ", "plant", "flower", "methyl", "content", "valu", "methylcytosin", "iowa", "kbp", "high", "differ", "size", "known", "serolog", "growth", "gradient", "veget", "speci", "000", "degre", "mycoplasma", "appl", "500", "cell", "isol", "relationship", "gener", "variou", "addit", "famili", "optimum", "confirm", "reveal", "test", "studi", "one", "genu", "measur", "mda", "comparison", "temperatur", "bud", "yield", "sequenc", "mollicut", "regul"], "weights": [0.026, 0.023, 0.02, 0.017, 0.017, 0.015, 0.015, 0.012, 0.012, 0.012, 0.012, 0.012, 0.012, 0.009, 0.009, 0.009, 0.009, 0.009, 0.009, 0.009, 0.009, 0.009, 0.009, 0.009, 0.009, 0.006, 0.006, 0.006, 0.006, 0.006, 0.006, 0.006, 0.006, 0.006, 0.006, 0.006, 0.006, 0.006, 0.006, 0.006, 0.006, 0.006, 0.006, 0.006, 0.006, 0.006, 0.006, 0.006, 0.006, 0.006]}, {"words": ["ethanol", "sequenc", "dna", "program", "increas", "use", "mumol", "mol", "medg", "dose", "effect", "acid", "structur", "restrict", "amino", "comput", "oesophag", "calvado", "appl", "form", "determin", "base", "describ", "can", "secondari", "similar", "higher", "beverag", "modul", "alcohol", "nmbza", "develop", "mitochondri", "supercoil", "rel", "protein", "enzym", "synthet", "site", "peptid", "given", "design", "algorithm", "gene", "predict", "hydrophob", "bodi", "macintosh", "chang", "made"], "weights": [0.029, 0.018, 0.016, 0.015, 0.015, 0.013, 0.013, 0.013, 0.011, 0.011, 0.011, 0.009, 0.009, 0.007, 0.007, 0.007, 0.007, 0.007, 0.007, 0.007, 0.006, 0.006, 0.006, 0.006, 0.006, 0.006, 0.006, 0.006, 0.006, 0.006, 0.006, 0.006, 0.006, 0.006, 0.006, 0.006, 0.004, 0.004, 0.004, 0.004, 0.004, 0.004, 0.004, 0.004, 0.004, 0.004, 0.004, 0.004, 0.004, 0.004]}, {"words": ["protein", "movement", "synthas", "acc", "famili", "sequenc", "viru", "mrna", "two", "cell", "petal", "product", "cdna", "ethylen", "caracc3", "carnat", "flower", "repres", "tomato", "senesc", "acid", "amino", "comovirus", "dna", "increas", "appl", "genom", "use", "plant", "isol", "base", "accumul", "clone", "squash", "induc", "indic", "second", "screen", "pcr", "similar", "hsp90", "respect", "caulimo", "conserv", "rna", "motif", "requir", "databas", "mediat", "virus"], "weights": [0.038, 0.025, 0.02, 0.02, 0.018, 0.015, 0.015, 0.013, 0.013, 0.01, 0.01, 0.01, 0.01, 0.01, 0.01, 0.01, 0.008, 0.008, 0.008, 0.008, 0.008, 0.008, 0.008, 0.005, 0.005, 0.005, 0.005, 0.005, 0.005, 0.005, 0.005, 0.005, 0.005, 0.005, 0.005, 0.005, 0.005, 0.005, 0.005, 0.005, 0.005, 0.005, 0.005, 0.005, 0.005, 0.005, 0.005, 0.005, 0.005, 0.005]}, {"words": ["protein", "movement", "famili", "sequenc", "viru", "dna", "plant", "cell", "amino", "acid", "comovirus", "genom", "aclsv", "requir", "similar", "flower", "two", "geminivirus", "mediat", "ethanol", "appl", "virus", "motif", "databas", "rna", "base", "conserv", "caulimo", "increas", "organ", "content", "tobacco", "reveal", "heat", "use", "respect", "relationship", "methyl", "methylcytosin", "tobamovirus", "encompass", "may", "shock", "tricornavirus", "chlorot", "mechan", "chaperon", "manner", "crucial", "acc"], "weights": [0.002, 0.002, 0.002, 0.002, 0.002, 0.002, 0.002, 0.002, 0.002, 0.002, 0.002, 0.002, 0.002, 0.002, 0.002, 0.002, 0.002, 0.002, 0.002, 0.002, 0.002, 0.002, 0.002, 0.002, 0.002, 0.002, 0.002, 0.002, 0.002, 0.002, 0.002, 0.002, 0.002, 0.002, 0.002, 0.002, 0.002, 0.002, 0.002, 0.002, 0.002, 0.002, 0.002, 0.002, 0.002, 0.002, 0.002, 0.002, 0.002, 0.002]}]}