{"alpha": [0.20000000298023224, 0.20000000298023224, 0.20000000298023224, 0.20000000298023224, 0.20000000298023224], "tw": [{"words": ["appl", "use", "comput", "program", "data", "analysi", "system", "develop", "studi", "imag", "applic", "describ", "can", "base", "macintosh", "provid", "model", "pesticid", "control", "viroid", "determin", "individu", "method", "perform", "present", "clinic", "evalu", "result", "microcomput", "iie", "error", "measur", "one", "paramet", "process", "sequenc", "differ", "tumour", "number", "either", "softwar", "standard", "possibl", "calcul", "digit", "graphic", "need", "analyz", "factor", "user"], "weights": [0.017, 0.015, 0.012, 0.011, 0.008, 0.008, 0.008, 0.005, 0.005, 0.005, 0.005, 0.005, 0.005, 0.004, 0.004, 0.004, 0.004, 0.004, 0.004, 0.004, 0.004, 0.004, 0.004, 0.003, 0.003, 0.003, 0.003, 0.003, 0.003, 0.003, 0.003, 0.003, 0.003, 0.003, 0.003, 0.003, 0.003, 0.003, 0.003, 0.003, 0.003, 0.003, 0.002, 0.002, 0.002, 0.002, 0.002, 0.002, 0.002, 0.002]}, {"words": ["use", "word", "subject", "present", "appl", "activ", "pressur", "measur", "mutant", "natur", "two", "differ", "plant", "consist", "acid", "prefer", "studi", "follow", "condit", "may", "can", "contain", "control", "abstract", "first", "truncat", "level", "ue", "induc", "number", "stimuli", "amylovora", "bridg", "record", "although", "develop", "method", "vari", "fecal", "initi", "soil", "ly", "ebdc", "complet", "250", "caus", "class", "tobacco", "anim", "case"], "weights": [0.007, 0.007, 0.006, 0.006, 0.006, 0.005, 0.005, 0.005, 0.005, 0.004, 0.004, 0.004, 0.004, 0.004, 0.004, 0.004, 0.004, 0.004, 0.004, 0.004, 0.003, 0.003, 0.003, 0.003, 0.003, 0.003, 0.003, 0.003, 0.003, 0.003, 0.003, 0.003, 0.003, 0.003, 0.003, 0.003, 0.003, 0.003, 0.003, 0.003, 0.003, 0.003, 0.003, 0.003, 0.003, 0.002, 0.002, 0.002, 0.002, 0.002]}, {"words": ["studi", "time", "group", "patient", "day", "treatment", "effect", "total", "hour", "oral", "food", "reflux", "year", "two", "appl", "type", "period", "estim", "receiv", "feed", "result", "requir", "level", "given", "frequenc", "infant", "fed", "diet", "activ", "less", "rat", "also", "cholesterol", "without", "liquid", "increas", "select", "oper", "neuron", "differ", "prepar", "decreas", "follow", "case", "volum", "monitor", "per", "small", "cri", "four"], "weights": [0.012, 0.008, 0.007, 0.006, 0.006, 0.006, 0.006, 0.005, 0.005, 0.005, 0.004, 0.004, 0.004, 0.004, 0.004, 0.004, 0.004, 0.004, 0.004, 0.004, 0.004, 0.004, 0.003, 0.003, 0.003, 0.003, 0.003, 0.003, 0.003, 0.003, 0.003, 0.003, 0.003, 0.003, 0.003, 0.003, 0.003, 0.003, 0.003, 0.003, 0.003, 0.003, 0.003, 0.003, 0.003, 0.003, 0.003, 0.003, 0.003, 0.003]}, {"words": ["appl", "increas", "juic", "concentr", "fruit", "contain", "show", "found", "extract", "use", "activ", "cell", "control", "diet", "result", "strain", "high", "effect", "ppm", "patulin", "detect", "rat", "chromatographi", "level", "studi", "residu", "test", "product", "posit", "protein", "dose", "ethanol", "100", "sampl", "enzym", "neg", "content", "tomato", "two", "specif", "antibodi", "veget", "determin", "tissu", "atresia", "treat", "prepar", "also", "excret", "plant"], "weights": [0.021, 0.007, 0.007, 0.006, 0.006, 0.006, 0.006, 0.005, 0.005, 0.005, 0.005, 0.005, 0.004, 0.004, 0.004, 0.004, 0.004, 0.004, 0.004, 0.004, 0.004, 0.004, 0.004, 0.004, 0.004, 0.004, 0.003, 0.003, 0.003, 0.003, 0.003, 0.003, 0.003, 0.003, 0.003, 0.003, 0.003, 0.003, 0.003, 0.003, 0.003, 0.003, 0.003, 0.003, 0.003, 0.003, 0.003, 0.003, 0.003, 0.003]}, {"words": ["patient", "less", "group", "protein", "acid", "differ", "signific", "famili", "mean", "sequenc", "appl", "result", "two", "viru", "three", "fructos", "compar", "test", "rna", "dri", "healthi", "found", "normal", "amino", "size", "time", "method", "pectin", "correl", "significantli", "subject", "ingest", "conserv", "movement", "show", "energi", "supergroup", "virus", "follow", "food", "valu", "cell", "residu", "appear", "investig", "similar", "effect", "howev", "indic", "rang"], "weights": [0.012, 0.011, 0.01, 0.009, 0.007, 0.007, 0.007, 0.006, 0.005, 0.005, 0.005, 0.005, 0.005, 0.005, 0.005, 0.004, 0.004, 0.004, 0.004, 0.004, 0.004, 0.004, 0.004, 0.004, 0.004, 0.003, 0.003, 0.003, 0.003, 0.003, 0.003, 0.003, 0.003, 0.003, 0.003, 0.003, 0.003, 0.003, 0.003, 0.003, 0.003, 0.003, 0.003, 0.003, 0.003, 0.003, 0.003, 0.003, 0.003, 0.003]}]}