{"alpha": [0.20000000298023224, 0.20000000298023224, 0.20000000298023224, 0.20000000298023224, 0.20000000298023224], "tw": [{"words": ["margin", "use", "butt", "crown", "bond", "porcelain", "restor", "dentin", "metal", "composit", "prepar", "result", "joint", "combin", "finish", "examin", "ceram", "adhes", "fit", "adapt", "bevel", "enamel", "clinic", "differ", "studi", "effect", "silux", "shoulder", "protein", "high", "investig", "inlay", "surfac", "found", "contract", "strength", "new", "evalu", "scotchbond", "produc", "depend", "system", "compar", "type", "applic", "may", "teeth", "resin", "five", "techniqu"], "weights": [0.023, 0.014, 0.014, 0.012, 0.011, 0.011, 0.01, 0.008, 0.006, 0.006, 0.006, 0.006, 0.006, 0.005, 0.005, 0.005, 0.005, 0.005, 0.005, 0.005, 0.005, 0.005, 0.005, 0.005, 0.004, 0.004, 0.004, 0.004, 0.004, 0.004, 0.004, 0.004, 0.003, 0.003, 0.003, 0.003, 0.003, 0.003, 0.003, 0.003, 0.003, 0.003, 0.003, 0.003, 0.003, 0.003, 0.003, 0.003, 0.003, 0.003]}, {"words": ["butt", "smoke", "cigarett", "dentin", "cement", "nicotin", "surfac", "measur", "cell", "margin", "restor", "bond", "strain", "hsdhase", "caviti", "product", "studi", "two", "standard", "12alpha", "lean", "marijuana", "use", "yield", "free", "fat", "first", "kilogram", "four", "fill", "gap", "found", "show", "differ", "result", "light", "microscop", "contract", "approxim", "intracellular", "oligodendrocyt", "resin", "high", "human", "respect", "condens", "examin", "cultur", "organ", "similar"], "weights": [0.012, 0.012, 0.011, 0.01, 0.009, 0.008, 0.008, 0.008, 0.008, 0.007, 0.007, 0.006, 0.006, 0.006, 0.006, 0.005, 0.005, 0.005, 0.005, 0.005, 0.005, 0.005, 0.004, 0.004, 0.004, 0.004, 0.004, 0.004, 0.004, 0.004, 0.004, 0.004, 0.004, 0.004, 0.004, 0.004, 0.004, 0.004, 0.004, 0.004, 0.004, 0.003, 0.003, 0.003, 0.003, 0.003, 0.003, 0.003, 0.003, 0.003]}, {"words": ["butt", "strain", "gene", "use", "cigarett", "column", "medium", "group", "number", "test", "serratia", "length", "smoke", "copi", "agar", "one", "determin", "chang", "growth", "indic", "three", "laboratori", "patient", "base", "estim", "associ", "non", "isol", "inject", "chromosom", "sheep", "plasma", "lice", "increas", "two", "may", "differ", "level", "wound", "extract", "sampl", "type", "hand", "present", "greater", "five", "analysi", "smoker", "carri", "collect"], "weights": [0.013, 0.012, 0.009, 0.008, 0.008, 0.008, 0.008, 0.007, 0.007, 0.007, 0.007, 0.006, 0.006, 0.005, 0.005, 0.005, 0.004, 0.004, 0.004, 0.004, 0.004, 0.004, 0.004, 0.004, 0.004, 0.004, 0.004, 0.004, 0.004, 0.004, 0.004, 0.004, 0.004, 0.003, 0.003, 0.003, 0.003, 0.003, 0.003, 0.003, 0.003, 0.003, 0.003, 0.003, 0.003, 0.003, 0.003, 0.003, 0.003, 0.003]}, {"words": ["carcass", "smoke", "cigarett", "pst", "fat", "butt", "dose", "increas", "ban", "weight", "per", "pig", "end", "lean", "rel", "trim", "nicotin", "valu", "smoker", "transcript", "activ", "greater", "type", "result", "concentr", "amount", "effect", "dna", "rrna", "hemispher", "month", "less", "growth", "sex", "muscl", "100", "level", "filter", "found", "recov", "experi", "live", "measur", "slaughter", "sampl", "compon", "chang", "contamin", "line", "accret"], "weights": [0.017, 0.013, 0.013, 0.011, 0.011, 0.008, 0.008, 0.007, 0.007, 0.007, 0.006, 0.006, 0.006, 0.005, 0.005, 0.005, 0.005, 0.005, 0.005, 0.005, 0.005, 0.005, 0.004, 0.004, 0.004, 0.004, 0.004, 0.004, 0.004, 0.004, 0.004, 0.004, 0.004, 0.004, 0.004, 0.004, 0.004, 0.004, 0.004, 0.004, 0.004, 0.004, 0.004, 0.003, 0.003, 0.003, 0.003, 0.003, 0.003, 0.003]}, {"words": ["margin", "use", "butt", "restor", "bevel", "caviti", "smoke", "test", "composit", "resin", "joint", "prepar", "cigarett", "degre", "group", "etch", "differ", "measur", "fractur", "cure", "materi", "studi", "teeth", "effect", "leakag", "analysi", "bond", "reduc", "nicotin", "design", "round", "three", "marijuana", "signific", "yield", "result", "increas", "show", "two", "one", "either", "chang", "prisma", "chamfer", "perform", "post", "posterior", "sealant", "adhes", "steer"], "weights": [0.015, 0.013, 0.012, 0.01, 0.01, 0.009, 0.009, 0.009, 0.009, 0.009, 0.008, 0.007, 0.006, 0.006, 0.006, 0.006, 0.006, 0.005, 0.005, 0.005, 0.005, 0.005, 0.004, 0.004, 0.004, 0.004, 0.004, 0.004, 0.004, 0.004, 0.004, 0.004, 0.004, 0.004, 0.004, 0.004, 0.004, 0.004, 0.003, 0.003, 0.003, 0.003, 0.003, 0.003, 0.003, 0.003, 0.003, 0.003, 0.003, 0.003]}]}