{"alpha": [0.20000000298023224, 0.20000000298023224, 0.20000000298023224, 0.20000000298023224, 0.20000000298023224], "tw": [{"words": ["amp", "long", "speci", "var", "croat", "philodendron", "benth", "collect", "base", "diam", "plant", "flora", "steyerm", "flower", "subsp", "kunth", "wide", "blade", "green", "per", "dri", "apex", "mexu", "rio", "aubl", "surfac", "guiana", "area", "vein", "forest", "type", "lobe", "san", "specimen", "petiol", "near", "infloresc", "leucaena", "style", "leav", "brown", "fig", "guianensi", "usual", "checklist", "side", "new", "sometim", "along", "mart"], "weights": [0.013, 0.007, 0.006, 0.005, 0.003, 0.003, 0.003, 0.003, 0.003, 0.002, 0.002, 0.002, 0.002, 0.002, 0.002, 0.002, 0.002, 0.002, 0.002, 0.002, 0.002, 0.002, 0.002, 0.002, 0.002, 0.002, 0.002, 0.002, 0.002, 0.002, 0.002, 0.001, 0.001, 0.001, 0.001, 0.001, 0.001, 0.001, 0.001, 0.001, 0.001, 0.001, 0.001, 0.001, 0.001, 0.001, 0.001, 0.001, 0.001, 0.001]}, {"words": ["cell", "plant", "cultur", "use", "gene", "transgen", "transform", "express", "medium", "vitro", "tissu", "develop", "growth", "protein", "line", "shoot", "viru", "studi", "product", "effect", "resist", "root", "activ", "embryo", "system", "dna", "result", "regener", "contain", "differ", "control", "genet", "increas", "univers", "select", "produc", "can", "also", "induc", "level", "test", "research", "biolog", "show", "somat", "high", "two", "callu", "acid", "human"], "weights": [0.015, 0.014, 0.009, 0.008, 0.007, 0.005, 0.005, 0.004, 0.004, 0.004, 0.004, 0.004, 0.004, 0.003, 0.003, 0.003, 0.003, 0.003, 0.003, 0.003, 0.003, 0.003, 0.003, 0.003, 0.003, 0.003, 0.003, 0.003, 0.002, 0.002, 0.002, 0.002, 0.002, 0.002, 0.002, 0.002, 0.002, 0.002, 0.002, 0.002, 0.002, 0.002, 0.002, 0.002, 0.002, 0.002, 0.002, 0.002, 0.002, 0.002]}, {"words": ["plant", "speci", "use", "gene", "genet", "diseas", "differ", "crop", "studi", "pathogen", "popul", "isol", "resist", "sequenc", "two", "new", "sex", "effect", "infect", "chromosom", "control", "also", "result", "develop", "one", "region", "soil", "show", "seed", "univers", "tree", "male", "can", "fruit", "may", "analysi", "genom", "host", "amp", "product", "found", "base", "field", "sever", "caus", "test", "dna", "number", "biolog", "system"], "weights": [0.01, 0.006, 0.005, 0.005, 0.004, 0.003, 0.003, 0.003, 0.003, 0.003, 0.003, 0.003, 0.003, 0.003, 0.003, 0.003, 0.003, 0.002, 0.002, 0.002, 0.002, 0.002, 0.002, 0.002, 0.002, 0.002, 0.002, 0.002, 0.002, 0.002, 0.002, 0.002, 0.002, 0.002, 0.002, 0.002, 0.002, 0.002, 0.002, 0.002, 0.002, 0.002, 0.002, 0.002, 0.002, 0.002, 0.002, 0.002, 0.002, 0.002]}, {"words": ["protein", "sequenc", "use", "amp", "plant", "orchidacea", "fig", "structur", "117", "100", "acid", "dna", "activ", "isol", "two", "gene", "speci", "tabl", "residu", "analysi", "group", "see", "enzym", "also", "methyl", "clade", "data", "floral", "domain", "famili", "new", "cystein", "substrat", "amino", "site", "aracea", "one", "proteas", "molecular", "st", "differ", "stf", "contain", "stilben", "termin", "intron", "mass", "papain", "identifi", "set"], "weights": [0.006, 0.005, 0.003, 0.003, 0.003, 0.003, 0.003, 0.003, 0.003, 0.002, 0.002, 0.002, 0.002, 0.002, 0.002, 0.002, 0.002, 0.002, 0.002, 0.002, 0.002, 0.002, 0.002, 0.002, 0.002, 0.002, 0.002, 0.001, 0.001, 0.001, 0.001, 0.001, 0.001, 0.001, 0.001, 0.001, 0.001, 0.001, 0.001, 0.001, 0.001, 0.001, 0.001, 0.001, 0.001, 0.001, 0.001, 0.001, 0.001, 0.001]}, {"words": ["plant", "gene", "protein", "sequenc", "express", "use", "genom", "cell", "arabidopsi", "fig", "activ", "analysi", "two", "amp", "speci", "function", "famili", "acid", "differ", "data", "figur", "type", "also", "transcript", "regul", "root", "specif", "result", "level", "dna", "show", "mutant", "develop", "new", "studi", "fruit", "one", "indic", "tabl", "rna", "duplic", "number", "may", "like", "flower", "enzym", "leav", "three", "base", "respons"], "weights": [0.013, 0.012, 0.006, 0.005, 0.005, 0.005, 0.005, 0.004, 0.004, 0.004, 0.003, 0.003, 0.003, 0.003, 0.003, 0.003, 0.003, 0.002, 0.002, 0.002, 0.002, 0.002, 0.002, 0.002, 0.002, 0.002, 0.002, 0.002, 0.002, 0.002, 0.002, 0.002, 0.002, 0.002, 0.002, 0.002, 0.002, 0.002, 0.002, 0.002, 0.002, 0.002, 0.002, 0.002, 0.002, 0.002, 0.002, 0.002, 0.002, 0.002]}]}