{"alpha": [0.20000000298023224, 0.20000000298023224, 0.20000000298023224, 0.20000000298023224, 0.20000000298023224], "tw": [{"words": ["sequenc", "protein", "movement", "famili", "strain", "acid", "viru", "ppav", "amino", "genom", "restrict", "dna", "cell", "valu", "iowa", "kbp", "two", "similar", "appl", "comovirus", "base", "requir", "relationship", "determin", "size", "speci", "growth", "000", "serolog", "mycoplasma", "program", "comput", "databas", "aclsv", "virus", "conserv", "geminivirus", "rna", "mediat", "caulimo", "describ", "hsp90", "motif", "use", "reveal", "synthet", "plant", "suggest", "can", "consist"], "weights": [0.031, 0.027, 0.02, 0.018, 0.018, 0.012, 0.012, 0.012, 0.01, 0.01, 0.01, 0.01, 0.008, 0.008, 0.008, 0.008, 0.006, 0.006, 0.006, 0.006, 0.006, 0.006, 0.006, 0.006, 0.006, 0.006, 0.006, 0.006, 0.006, 0.006, 0.004, 0.004, 0.004, 0.004, 0.004, 0.004, 0.004, 0.004, 0.004, 0.004, 0.004, 0.004, 0.004, 0.004, 0.004, 0.004, 0.004, 0.004, 0.004, 0.004]}, {"words": ["ethanol", "increas", "mol", "mumol", "medg", "effect", "dose", "oesophag", "calvado", "higher", "alcohol", "beverag", "nmbza", "modul", "similar", "dna", "bodi", "control", "wine", "produc", "oesophagu", "bioactiv", "cancer", "coincid", "level", "contain", "concentr", "lung", "significantli", "nitrosamin", "aqueou", "made", "methyl", "farm", "valu", "howev", "appl", "high", "relationship", "investig", "also", "suggest", "signific", "identifi", "larger", "major", "determin", "drink", "gin", "caus"], "weights": [0.05, 0.022, 0.022, 0.022, 0.019, 0.019, 0.016, 0.013, 0.013, 0.01, 0.01, 0.01, 0.01, 0.01, 0.007, 0.007, 0.007, 0.007, 0.007, 0.007, 0.007, 0.007, 0.007, 0.007, 0.007, 0.007, 0.007, 0.007, 0.007, 0.007, 0.007, 0.007, 0.007, 0.007, 0.004, 0.004, 0.004, 0.004, 0.004, 0.004, 0.004, 0.004, 0.004, 0.004, 0.004, 0.004, 0.004, 0.004, 0.004, 0.004]}, {"words": ["synthas", "acc", "use", "mrna", "protein", "structur", "ethylen", "program", "caracc3", "cdna", "product", "petal", "carnat", "senesc", "tomato", "flower", "repres", "sequenc", "predict", "secondari", "increas", "dna", "appl", "isol", "pcr", "clone", "amino", "two", "squash", "induc", "indic", "accumul", "acid", "hydrophob", "contain", "base", "gene", "result", "activ", "low", "enzym", "singl", "associ", "frame", "blot", "analysi", "read", "encod", "hybrid", "respect"], "weights": [0.025, 0.025, 0.016, 0.016, 0.016, 0.016, 0.013, 0.013, 0.013, 0.013, 0.013, 0.013, 0.013, 0.01, 0.01, 0.01, 0.01, 0.01, 0.01, 0.01, 0.007, 0.007, 0.007, 0.007, 0.007, 0.007, 0.007, 0.007, 0.007, 0.007, 0.007, 0.007, 0.007, 0.007, 0.004, 0.004, 0.004, 0.004, 0.004, 0.004, 0.004, 0.004, 0.004, 0.004, 0.004, 0.004, 0.004, 0.004, 0.004, 0.004]}, {"words": ["dna", "plant", "flower", "methyl", "organ", "content", "methylcytosin", "genom", "gradient", "differ", "veget", "studi", "cell", "variou", "bud", "gener", "regul", "one", "chang", "appl", "made", "associ", "thu", "may", "level", "transcript", "tobacco", "high", "mechan", "total", "leav", "tissu", "reveal", "degre", "anim", "probabl", "infloresc", "hardli", "besid", "known", "pair", "possibl", "correl", "indict", "amount", "shoot", "posit", "due", "phytohormon", "pea"], "weights": [0.031, 0.026, 0.026, 0.021, 0.021, 0.021, 0.021, 0.016, 0.016, 0.016, 0.016, 0.011, 0.011, 0.011, 0.011, 0.011, 0.011, 0.011, 0.006, 0.006, 0.006, 0.006, 0.006, 0.006, 0.006, 0.006, 0.006, 0.006, 0.006, 0.006, 0.006, 0.006, 0.006, 0.006, 0.006, 0.006, 0.006, 0.006, 0.006, 0.006, 0.006, 0.006, 0.006, 0.006, 0.006, 0.006, 0.006, 0.006, 0.006, 0.006]}, {"words": ["dna", "transform", "use", "plasmid", "form", "supercoil", "develop", "exposur", "rel", "loss", "mitochondri", "appl", "gene", "amount", "capsici", "hygromycin", "blot", "program", "protoplast", "parasitica", "phytophthora", "per", "element", "circular", "irradi", "sensit", "nick", "pcm54", "imag", "reliabl", "plant", "studi", "gener", "500", "hybrid", "chang", "cell", "addit", "strain", "analysi", "respect", "tissu", "macintosh", "extra", "serrano", "methyl", "obtain", "comput", "microgram", "enzym"], "weights": [0.022, 0.019, 0.015, 0.015, 0.015, 0.011, 0.011, 0.011, 0.011, 0.011, 0.011, 0.008, 0.008, 0.008, 0.008, 0.008, 0.008, 0.008, 0.008, 0.008, 0.008, 0.008, 0.008, 0.008, 0.008, 0.008, 0.008, 0.008, 0.008, 0.008, 0.004, 0.004, 0.004, 0.004, 0.004, 0.004, 0.004, 0.004, 0.004, 0.004, 0.004, 0.004, 0.004, 0.004, 0.004, 0.004, 0.004, 0.004, 0.004, 0.004]}]}