{"alpha": [0.10000000149011612, 0.10000000149011612, 0.10000000149011612, 0.10000000149011612, 0.10000000149011612, 0.10000000149011612, 0.10000000149011612, 0.10000000149011612, 0.10000000149011612, 0.10000000149011612], "tw": [{"words": ["dna", "cell", "plant", "strand", "protein", "plastid", "use", "base", "homolog", "gene", "genom", "sequenc", "contain", "structur", "repair", "type", "fig", "dsb", "gener", "hybrid", "pair", "fluoresc", "oxid", "genet", "transfer", "amp", "bound", "duplex", "differ", "bind", "singl", "reca", "result", "speci", "also", "organel", "studi", "isol", "recombin", "can", "transcript", "mediat", "rna", "specif", "observ", "signal", "mitochondri", "method", "may", "show"], "weights": [0.037, 0.007, 0.007, 0.006, 0.006, 0.006, 0.005, 0.005, 0.005, 0.005, 0.004, 0.004, 0.003, 0.003, 0.003, 0.003, 0.003, 0.002, 0.002, 0.002, 0.002, 0.002, 0.002, 0.002, 0.002, 0.002, 0.002, 0.002, 0.002, 0.002, 0.002, 0.002, 0.002, 0.002, 0.002, 0.002, 0.002, 0.002, 0.002, 0.002, 0.002, 0.002, 0.002, 0.002, 0.002, 0.002, 0.002, 0.002, 0.002, 0.002]}, {"words": ["dna", "bind", "protein", "amp", "sequenc", "fig", "site", "complex", "nucleosom", "use", "structur", "activ", "histon", "specif", "cell", "base", "fragment", "contain", "end", "methyl", "gene", "result", "interact", "lane", "two", "posit", "bend", "data", "indic", "pna", "strand", "core", "usa", "differ", "pkc", "shown", "groov", "may", "gel", "form", "crosslink", "reaction", "studi", "transcript", "associ", "target", "also", "residu", "acid", "pair"], "weights": [0.041, 0.011, 0.01, 0.009, 0.008, 0.007, 0.007, 0.006, 0.006, 0.005, 0.005, 0.004, 0.004, 0.004, 0.004, 0.004, 0.004, 0.003, 0.003, 0.003, 0.003, 0.003, 0.003, 0.003, 0.003, 0.003, 0.003, 0.003, 0.003, 0.002, 0.002, 0.002, 0.002, 0.002, 0.002, 0.002, 0.002, 0.002, 0.002, 0.002, 0.002, 0.002, 0.002, 0.002, 0.002, 0.002, 0.002, 0.002, 0.002, 0.002]}, {"words": ["dna", "polymeras", "activ", "fraction", "rna", "cell", "fig", "gradient", "min", "strand", "contain", "prepar", "label", "use", "amp", "acid", "enzym", "coli", "centrifug", "densiti", "reaction", "per", "isol", "incub", "extract", "chloroplast", "concentr", "result", "denatur", "synthesi", "sediment", "100", "describ", "000", "molecul", "poli", "tabl", "buffer", "method", "experi", "ad", "amount", "nuclear", "mixtur", "assay", "replic", "two", "sampl", "differ", "sucros"], "weights": [0.06, 0.01, 0.008, 0.008, 0.007, 0.006, 0.005, 0.005, 0.005, 0.005, 0.004, 0.004, 0.004, 0.004, 0.004, 0.004, 0.004, 0.004, 0.004, 0.003, 0.003, 0.003, 0.003, 0.003, 0.003, 0.003, 0.003, 0.003, 0.003, 0.003, 0.003, 0.003, 0.003, 0.003, 0.003, 0.003, 0.003, 0.003, 0.003, 0.003, 0.003, 0.003, 0.003, 0.002, 0.002, 0.002, 0.002, 0.002, 0.002, 0.002]}, {"words": ["dna", "cell", "infect", "viral", "viru", "amp", "fig", "sv40", "label", "cultur", "use", "fraction", "transfect", "integr", "experi", "extract", "synthesi", "per", "time", "hybrid", "contain", "replic", "result", "incub", "medium", "ad", "cellular", "gene", "min", "prepar", "mous", "concentr", "complex", "describ", "detect", "radioact", "uptak", "specif", "form", "membran", "amount", "100", "activ", "gradient", "indic", "host", "usa", "transform", "sequenc", "tabl"], "weights": [0.051, 0.032, 0.012, 0.01, 0.008, 0.005, 0.005, 0.005, 0.005, 0.004, 0.004, 0.004, 0.004, 0.004, 0.003, 0.003, 0.003, 0.003, 0.003, 0.003, 0.003, 0.003, 0.003, 0.003, 0.003, 0.003, 0.003, 0.003, 0.003, 0.003, 0.002, 0.002, 0.002, 0.002, 0.002, 0.002, 0.002, 0.002, 0.002, 0.002, 0.002, 0.002, 0.002, 0.002, 0.002, 0.002, 0.002, 0.002, 0.002, 0.002]}, {"words": ["dna", "plant", "fig", "use", "sequenc", "gene", "genom", "transform", "structur", "region", "site", "line", "packag", "insert", "integr", "cell", "two", "result", "express", "also", "phage", "singl", "protein", "bpv", "one", "observ", "differ", "show", "molecul", "can", "type", "model", "contain", "interact", "indic", "border", "agrobacterium", "fragment", "studi", "tumefacien", "toroid", "tumor", "chromosom", "specif", "complex", "data", "function", "shown", "mutant", "measur"], "weights": [0.04, 0.008, 0.006, 0.005, 0.005, 0.005, 0.005, 0.004, 0.004, 0.004, 0.003, 0.003, 0.003, 0.003, 0.003, 0.003, 0.003, 0.003, 0.003, 0.002, 0.002, 0.002, 0.002, 0.002, 0.002, 0.002, 0.002, 0.002, 0.002, 0.002, 0.002, 0.002, 0.002, 0.002, 0.002, 0.002, 0.002, 0.002, 0.002, 0.002, 0.002, 0.002, 0.002, 0.002, 0.002, 0.002, 0.002, 0.002, 0.002, 0.002]}, {"words": ["dna", "cell", "irradi", "repair", "damag", "strand", "radiat", "induc", "break", "fig", "use", "dose", "base", "effect", "result", "radic", "increas", "dsb", "yield", "lesion", "sampl", "studi", "min", "time", "differ", "measur", "singl", "doubl", "ray", "label", "human", "observ", "can", "solut", "concentr", "replic", "form", "data", "also", "100", "number", "acid", "elut", "rate", "determin", "experi", "electron", "valu", "may", "tion"], "weights": [0.044, 0.018, 0.011, 0.009, 0.007, 0.007, 0.007, 0.006, 0.006, 0.006, 0.005, 0.005, 0.005, 0.005, 0.004, 0.004, 0.003, 0.003, 0.003, 0.003, 0.003, 0.003, 0.003, 0.003, 0.003, 0.003, 0.003, 0.003, 0.003, 0.003, 0.002, 0.002, 0.002, 0.002, 0.002, 0.002, 0.002, 0.002, 0.002, 0.002, 0.002, 0.002, 0.002, 0.002, 0.002, 0.002, 0.002, 0.002, 0.002, 0.002]}, {"words": ["dna", "cell", "fragment", "amp", "hybrid", "sequenc", "fig", "digest", "contain", "clone", "rna", "gene", "lane", "viru", "gel", "use", "site", "plasmid", "restrict", "ecori", "viral", "genom", "usa", "probe", "sv40", "band", "transform", "label", "two", "32p", "result", "strand", "region", "human", "shown", "replic", "isol", "specif", "proc", "one", "form", "describ", "end", "indic", "bamhi", "infect", "endonucleas", "molecul", "map", "present"], "weights": [0.051, 0.014, 0.013, 0.011, 0.01, 0.01, 0.008, 0.008, 0.007, 0.007, 0.006, 0.006, 0.006, 0.005, 0.005, 0.005, 0.005, 0.005, 0.005, 0.004, 0.004, 0.004, 0.004, 0.004, 0.004, 0.004, 0.003, 0.003, 0.003, 0.003, 0.003, 0.003, 0.003, 0.003, 0.003, 0.003, 0.003, 0.003, 0.003, 0.003, 0.003, 0.003, 0.003, 0.002, 0.002, 0.002, 0.002, 0.002, 0.002, 0.002]}, {"words": ["dna", "sequenc", "pcr", "use", "genom", "amplif", "satellit", "reassoci", "repeat", "fragment", "sampl", "repetit", "hybrid", "amplifi", "cot", "gene", "long", "amp", "fraction", "extract", "singl", "copi", "primer", "analysi", "ancient", "probe", "total", "method", "reaction", "result", "short", "organ", "contain", "tissu", "fig", "length", "two", "nucleotid", "speci", "differ", "can", "data", "product", "size", "studi", "may", "target", "isol", "rad54", "region"], "weights": [0.036, 0.022, 0.009, 0.008, 0.008, 0.008, 0.008, 0.008, 0.007, 0.006, 0.006, 0.005, 0.005, 0.005, 0.005, 0.005, 0.004, 0.004, 0.004, 0.004, 0.004, 0.004, 0.003, 0.003, 0.003, 0.003, 0.003, 0.003, 0.003, 0.003, 0.003, 0.003, 0.003, 0.003, 0.003, 0.003, 0.003, 0.003, 0.002, 0.002, 0.002, 0.002, 0.002, 0.002, 0.002, 0.002, 0.002, 0.002, 0.002, 0.002]}, {"words": ["dna", "plant", "content", "speci", "chromosom", "root", "cell", "amount", "variat", "differ", "nuclear", "genom", "valu", "use", "nuclei", "sampl", "size", "number", "soil", "genet", "studi", "may", "tissu", "gp5", "result", "growth", "amp", "level", "chang", "mean", "popul", "fig", "trx", "time", "replic", "increas", "genotyp", "among", "evolut", "can", "develop", "two", "also", "show", "effect", "high", "rate", "measur", "brdu", "seed"],