{"alpha": [0.20000000298023224, 0.20000000298023224, 0.20000000298023224, 0.20000000298023224, 0.20000000298023224], "tw": [{"words": ["protein", "rna", "viru", "mosaic", "prsv", "nucleotid", "acid", "orf", "initi", "papaya", "show", "may", "product", "encod", "frame", "read", "open", "amino", "poli", "format", "similar", "inhibit", "sequenc", "put", "atp", "conserv", "region", "suggest", "test", "coat", "genom", "viral", "complex", "presenc", "isothiocyan", "potyvirus", "less", "three", "induc", "five", "gene", "mrna", "exclud", "translat", "form", "respect", "express", "residu", "contain", "found"], "weights": [0.022, 0.013, 0.012, 0.01, 0.01, 0.008, 0.007, 0.007, 0.007, 0.006, 0.006, 0.006, 0.005, 0.005, 0.005, 0.005, 0.005, 0.005, 0.005, 0.005, 0.004, 0.004, 0.004, 0.004, 0.004, 0.004, 0.004, 0.004, 0.004, 0.004, 0.004, 0.004, 0.003, 0.003, 0.003, 0.003, 0.003, 0.003, 0.003, 0.003, 0.003, 0.003, 0.003, 0.003, 0.003, 0.003, 0.003, 0.003, 0.003, 0.003]}, {"words": ["papaya", "papain", "enzym", "latex", "proteinas", "chymopapain", "cystatin", "microfilaria", "carica", "activ", "exsheath", "catalyt", "vitro", "site", "group", "omega", "presenc", "use", "process", "beta", "two", "previous", "structur", "can", "jird", "allergi", "isol", "contain", "compon", "product", "effect", "similar", "plant", "type", "catalyz", "fruit", "sensit", "dri", "reactiv", "alpha", "produc", "proteas", "ivermectin", "one", "techniqu", "protein", "discuss", "show", "risk", "posit"], "weights": [0.026, 0.015, 0.012, 0.011, 0.011, 0.009, 0.008, 0.008, 0.008, 0.008, 0.007, 0.006, 0.006, 0.006, 0.006, 0.005, 0.005, 0.005, 0.005, 0.005, 0.005, 0.004, 0.004, 0.004, 0.004, 0.004, 0.004, 0.004, 0.004, 0.004, 0.004, 0.004, 0.004, 0.003, 0.003, 0.003, 0.003, 0.003, 0.003, 0.003, 0.003, 0.003, 0.003, 0.003, 0.003, 0.003, 0.003, 0.003, 0.003, 0.003]}, {"words": ["sequenc", "acid", "papain", "protein", "proteinas", "amino", "papaya", "cystein", "coat", "activ", "determin", "chymopapain", "differ", "use", "substrat", "nucleotid", "studi", "residu", "specif", "cystatin", "show", "region", "termin", "two", "enzym", "method", "cdna", "obtain", "gene", "found", "viru", "site", "clone", "ident", "product", "strain", "potato", "analysi", "pro", "ppiv", "plant", "suggest", "arginin", "result", "cleavag", "three", "degre", "posit", "nib", "inhibitor"], "weights": [0.021, 0.015, 0.014, 0.014, 0.013, 0.013, 0.013, 0.01, 0.008, 0.007, 0.007, 0.007, 0.006, 0.006, 0.006, 0.006, 0.005, 0.005, 0.005, 0.005, 0.005, 0.005, 0.005, 0.005, 0.005, 0.005, 0.004, 0.004, 0.004, 0.004, 0.004, 0.004, 0.004, 0.004, 0.004, 0.004, 0.004, 0.003, 0.003, 0.003, 0.003, 0.003, 0.003, 0.003, 0.003, 0.003, 0.003, 0.003, 0.003, 0.003]}, {"words": ["viru", "protein", "use", "prsv", "acid", "spin", "wmv2", "zymv", "per", "infect", "result", "medium", "supplement", "contain", "purifi", "cleavag", "residu", "papaya", "activ", "plant", "two", "detect", "shoot", "microfilaria", "amino", "product", "beta", "differ", "coat", "mosaic", "radic", "cell", "inclus", "lack", "isol", "singl", "dmpo", "cip", "aip", "cultur", "enzym", "potyvirus", "inhibit", "layer", "fig", "agent", "free", "acetyl", "sdi", "callu"], "weights": [0.013, 0.011, 0.009, 0.008, 0.008, 0.007, 0.007, 0.007, 0.006, 0.006, 0.005, 0.005, 0.005, 0.005, 0.005, 0.005, 0.005, 0.005, 0.005, 0.005, 0.005, 0.005, 0.005, 0.005, 0.005, 0.005, 0.004, 0.004, 0.004, 0.004, 0.004, 0.004, 0.004, 0.004, 0.004, 0.004, 0.004, 0.004, 0.004, 0.004, 0.004, 0.003, 0.003, 0.003, 0.003, 0.003, 0.003, 0.003, 0.003, 0.003]}, {"words": ["papaya", "latex", "men", "studi", "fruit", "proteinas", "dri", "chromatographi", "show", "chymopapain", "activ", "rot", "extract", "associ", "papain", "risk", "enzym", "inflamm", "effect", "leav", "tissu", "like", "veget", "unexpos", "expos", "differ", "decreas", "suggest", "new", "crude", "use", "volum", "semen", "inflammatori", "stalk", "consumpt", "sensit", "older", "test", "two", "requir", "posit", "present", "howev", "cation", "affect", "solubl", "yellow", "section", "develop"], "weights": [0.018, 0.011, 0.008, 0.008, 0.007, 0.007, 0.007, 0.007, 0.006, 0.006, 0.006, 0.005, 0.005, 0.005, 0.005, 0.005, 0.005, 0.004, 0.004, 0.004, 0.004, 0.004, 0.004, 0.004, 0.004, 0.004, 0.004, 0.003, 0.003, 0.003, 0.003, 0.003, 0.003, 0.003, 0.003, 0.003, 0.003, 0.003, 0.003, 0.003, 0.003, 0.003, 0.003, 0.003, 0.003, 0.003, 0.003, 0.003, 0.003, 0.003]}]}