{"alpha": [0.20000000298023224, 0.20000000298023224, 0.20000000298023224, 0.20000000298023224, 0.20000000298023224], "tw": [{"words": ["plant", "speci", "genom", "use", "dna", "sequenc", "viru", "techniqu", "detect", "gene", "halv", "sampl", "effici", "crop", "studi", "papaya", "outgroup", "analysi", "fruit", "method", "result", "palcucnv", "guid", "reconstruct", "one", "differ", "asia", "wgd", "its2", "two", "doubl", "includ", "first", "may", "whitefli", "meam1", "gener", "improv", "time", "new", "mutat", "high", "like", "otu", "spelaea", "also", "import", "genet", "target", "approach"], "weights": [0.021, 0.016, 0.015, 0.01, 0.009, 0.008, 0.007, 0.007, 0.007, 0.007, 0.006, 0.006, 0.006, 0.006, 0.006, 0.006, 0.005, 0.005, 0.005, 0.005, 0.004, 0.004, 0.004, 0.004, 0.004, 0.004, 0.004, 0.004, 0.004, 0.004, 0.003, 0.003, 0.003, 0.003, 0.003, 0.003, 0.003, 0.003, 0.003, 0.003, 0.003, 0.003, 0.003, 0.003, 0.003, 0.003, 0.003, 0.003, 0.003, 0.003]}, {"words": ["sequenc", "plant", "gene", "fruit", "papaya", "genom", "use", "lci", "lycopen", "cprap2", "studi", "speci", "cyclas", "marker", "red", "express", "dioeciou", "te", "varieti", "structur", "protein", "carotenoid", "stress", "assembl", "hybrid", "genet", "function", "dna", "can", "map", "yellow", "develop", "identifi", "two", "identif", "transcript", "breed", "analysi", "mango", "flesh", "tree", "accumul", "predict", "polymorph", "number", "secondari", "high", "colour", "respons", "tobacco"], "weights": [0.018, 0.016, 0.013, 0.013, 0.012, 0.01, 0.01, 0.009, 0.009, 0.008, 0.008, 0.007, 0.007, 0.006, 0.006, 0.005, 0.005, 0.005, 0.005, 0.005, 0.005, 0.005, 0.005, 0.005, 0.005, 0.005, 0.005, 0.005, 0.005, 0.004, 0.004, 0.004, 0.004, 0.004, 0.004, 0.004, 0.004, 0.004, 0.004, 0.004, 0.004, 0.004, 0.004, 0.004, 0.004, 0.004, 0.003, 0.003, 0.003, 0.003]}, {"words": ["papaya", "resist", "plant", "gene", "hybrid", "prsv", "pldmv", "transgen", "intergener", "diseas", "studi", "show", "leav", "lesion", "viru", "dna", "use", "speci", "cundinamarcensi", "two", "necrot", "sunup", "genom", "sequenc", "product", "includ", "analysi", "pcr", "relat", "cultivar", "fruit", "produc", "variou", "embryo", "carica", "sunset", "pathway", "develop", "rna", "function", "observ", "rescu", "cross", "genet", "phenotyp", "younger", "inocul", "conserv", "protein", "tropic"], "weights": [0.029, 0.02, 0.016, 0.015, 0.01, 0.01, 0.009, 0.009, 0.008, 0.007, 0.007, 0.007, 0.007, 0.006, 0.006, 0.006, 0.005, 0.005, 0.005, 0.005, 0.005, 0.005, 0.005, 0.005, 0.004, 0.004, 0.004, 0.004, 0.004, 0.004, 0.004, 0.004, 0.004, 0.004, 0.004, 0.004, 0.004, 0.003, 0.003, 0.003, 0.003, 0.003, 0.003, 0.003, 0.003, 0.003, 0.003, 0.003, 0.003, 0.003]}, {"words": ["myotonia", "dna", "signatur", "can", "organ", "includ", "genom", "separ", "telomer", "atpot1a", "differ", "muscl", "convent", "result", "use", "kingdom", "ndna", "speci", "present", "bind", "myoton", "telomeras", "level", "sequenc", "group", "pot1", "function", "diseas", "famili", "fragment", "mutat", "fpe", "dm1", "atpot1b", "treatment", "patient", "sever", "model", "nuclear", "studi", "test", "activ", "genet", "indic", "clinic", "domin", "disord", "genu", "pot1a", "pivot"], "weights": [0.015, 0.014, 0.011, 0.01, 0.009, 0.008, 0.008, 0.007, 0.007, 0.007, 0.006, 0.006, 0.006, 0.006, 0.005, 0.005, 0.005, 0.005, 0.005, 0.005, 0.005, 0.005, 0.004, 0.004, 0.004, 0.004, 0.004, 0.004, 0.004, 0.004, 0.004, 0.004, 0.004, 0.004, 0.004, 0.004, 0.004, 0.004, 0.004, 0.003, 0.003, 0.003, 0.003, 0.003, 0.003, 0.003, 0.003, 0.003, 0.003, 0.003]}, {"words": ["cotton", "clcud", "resist", "identifi", "sequenc", "viru", "leaf", "curl", "plant", "complex", "clcukov", "begomoviru", "mite", "begomovirus", "associ", "speci", "isol", "diseas", "genom", "gene", "studi", "found", "betasatellit", "pakistan", "clcumuv", "dna", "first", "ng", "sampl", "male", "infect", "caus", "strain", "major", "data", "alphasatellit", "collect", "interact", "epidem", "recent", "papaya", "famili", "analysi", "sever", "affect", "encod", "vehari", "cystein", "distinct", "sanger"], "weights": [0.022, 0.014, 0.011, 0.011, 0.01, 0.01, 0.01, 0.01, 0.009, 0.009, 0.009, 0.009, 0.009, 0.009, 0.008, 0.007, 0.007, 0.006, 0.006, 0.006, 0.006, 0.005, 0.005, 0.005, 0.005, 0.005, 0.005, 0.005, 0.005, 0.005, 0.004, 0.004, 0.004, 0.004, 0.004, 0.004, 0.004, 0.004, 0.004, 0.004, 0.004, 0.003, 0.003, 0.003, 0.003, 0.003, 0.003, 0.003, 0.003, 0.003]}]}