{"alpha": [0.10000000149011612, 0.10000000149011612, 0.10000000149011612, 0.10000000149011612, 0.10000000149011612, 0.10000000149011612, 0.10000000149011612, 0.10000000149011612, 0.10000000149011612, 0.10000000149011612], "tw": [{"words": ["male", "femal", "le", "de", "speci", "plant", "nest", "behavior", "form", "dan", "spawn", "observ", "une", "larva", "est", "fig", "fish", "amp", "que", "plu", "commun", "var", "one", "studi", "par", "may", "union", "feuill", "time", "occur", "mountain", "sur", "food", "two", "type", "vol", "area", "aggress", "butt", "differ", "esp", "forest", "larg", "ce", "color", "fin", "tre", "found", "bryophyt", "associ"], "weights": [0.009, 0.008, 0.005, 0.005, 0.005, 0.004, 0.004, 0.004, 0.003, 0.003, 0.003, 0.003, 0.003, 0.003, 0.003, 0.002, 0.002, 0.002, 0.002, 0.002, 0.002, 0.002, 0.002, 0.002, 0.002, 0.002, 0.002, 0.002, 0.002, 0.002, 0.002, 0.002, 0.002, 0.002, 0.002, 0.002, 0.002, 0.002, 0.002, 0.001, 0.001, 0.001, 0.001, 0.001, 0.001, 0.001, 0.001, 0.001, 0.001, 0.001]}, {"words": ["der", "die", "und", "den", "von", "band", "bei", "ein", "mit", "de", "ist", "da\u00df", "nicht", "sich", "auf", "da", "auch", "al", "nach", "sind", "dem", "au", "werden", "durch", "f\u00fcr", "vor", "abb", "oder", "wie", "noch", "einer", "dies", "nur", "neuron", "sie", "w\u00e4hrend", "wurden", "\u00fcber", "interneuron", "bi", "wird", "pentastomiden", "loss", "dieser", "spinal", "wurd", "gull", "min", "kein", "haben"], "weights": [0.03, 0.027, 0.02, 0.011, 0.009, 0.009, 0.009, 0.008, 0.006, 0.006, 0.005, 0.005, 0.005, 0.005, 0.004, 0.004, 0.004, 0.004, 0.004, 0.004, 0.003, 0.003, 0.003, 0.003, 0.003, 0.003, 0.003, 0.003, 0.003, 0.002, 0.002, 0.002, 0.002, 0.002, 0.002, 0.002, 0.002, 0.002, 0.002, 0.002, 0.002, 0.002, 0.002, 0.002, 0.002, 0.002, 0.002, 0.002, 0.002, 0.002]}, {"words": ["cell", "protein", "activ", "plant", "fig", "use", "amp", "express", "increas", "tissu", "adp", "band", "respons", "poli", "level", "acid", "min", "result", "enzym", "differ", "gene", "chang", "induc", "effect", "also", "shown", "fraction", "100", "experi", "time", "observ", "studi", "stress", "function", "two", "control", "contain", "leav", "detect", "show", "ribos", "water", "indic", "treatment", "data", "oxid", "bamboo", "depend", "product", "extract"], "weights": [0.008, 0.007, 0.007, 0.005, 0.005, 0.005, 0.004, 0.003, 0.003, 0.003, 0.003, 0.003, 0.003, 0.002, 0.002, 0.002, 0.002, 0.002, 0.002, 0.002, 0.002, 0.002, 0.002, 0.002, 0.002, 0.002, 0.002, 0.002, 0.002, 0.002, 0.002, 0.002, 0.002, 0.002, 0.002, 0.002, 0.002, 0.002, 0.002, 0.002, 0.002, 0.002, 0.002, 0.002, 0.002, 0.002, 0.002, 0.002, 0.002, 0.002]}, {"words": ["root", "plant", "cell", "activ", "acid", "amp", "fig", "enzym", "effect", "phosphat", "concentr", "rate", "growth", "wall", "use", "increas", "glucos", "differ", "nitrat", "tissu", "reaction", "leav", "extract", "light", "studi", "result", "tabl", "metabol", "solut", "leaf", "show", "experi", "also", "glyoxyl", "glycol", "chang", "two", "may", "protein", "contain", "format", "product", "band", "oxid", "type", "incub", "reduc", "nitrogen", "form", "method"], "weights": [0.009, 0.009, 0.008, 0.008, 0.006, 0.005, 0.004, 0.004, 0.004, 0.004, 0.004, 0.003, 0.003, 0.003, 0.003, 0.003, 0.003, 0.003, 0.003, 0.003, 0.003, 0.003, 0.003, 0.003, 0.002, 0.002, 0.002, 0.002, 0.002, 0.002, 0.002, 0.002, 0.002, 0.002, 0.002, 0.002, 0.002, 0.002, 0.002, 0.002, 0.002, 0.002, 0.002, 0.002, 0.002, 0.002, 0.002, 0.002, 0.002, 0.002]}, {"words": ["tree", "forest", "use", "speci", "water", "year", "log", "area", "studi", "soil", "differ", "measur", "rate", "time", "may", "data", "growth", "model", "site", "sampl", "tabl", "one", "wood", "result", "per", "mean", "stand", "research", "size", "effect", "also", "increas", "number", "high", "chang", "can", "plant", "height", "age", "estim", "level", "valu", "stem", "ecolog", "two", "larg", "swash", "develop", "densiti", "new"], "weights": [0.011, 0.007, 0.006, 0.005, 0.005, 0.004, 0.004, 0.004, 0.004, 0.003, 0.003, 0.003, 0.003, 0.003, 0.003, 0.003, 0.003, 0.003, 0.003, 0.003, 0.003, 0.003, 0.003, 0.003, 0.003, 0.002, 0.002, 0.002, 0.002, 0.002, 0.002, 0.002, 0.002, 0.002, 0.002, 0.002, 0.002, 0.002, 0.002, 0.002, 0.002, 0.002, 0.002, 0.002, 0.002, 0.002, 0.002, 0.002, 0.002, 0.002]}, {"words": ["one", "fig", "two", "side", "layer", "area", "site", "found", "form", "flake", "use", "type", "stone", "materi", "may", "small", "edg", "point", "also", "end", "excav", "part", "pit", "surfac", "specimen", "three", "larg", "piec", "made", "long", "bone", "appear", "number", "show", "line", "blade", "possibl", "collect", "section", "adz", "evid", "similar", "vessel", "shape", "like", "probabl", "island", "place", "well", "black"], "weights": [0.008, 0.007, 0.006, 0.005, 0.005, 0.005, 0.005, 0.005, 0.004, 0.004, 0.004, 0.004, 0.004, 0.004, 0.004, 0.004, 0.003, 0.003, 0.003, 0.003, 0.003, 0.003, 0.003, 0.003, 0.003, 0.003, 0.003, 0.003, 0.003, 0.003, 0.003, 0.003, 0.003, 0.003, 0.003, 0.002, 0.002, 0.002, 0.002, 0.002, 0.002, 0.002, 0.002, 0.002, 0.002, 0.002, 0.002, 0.002, 0.002, 0.002]}, {"words": ["pipe", "weld", "use", "water", "steel", "joint", "test", "plate", "section", "may", "000", "pressur", "tank", "thick", "per", "requir", "design", "diamet", "can", "standard", "one", "materi", "end", "line", "inch", "type", "specif", "work", "stress", "surfac", "length", "fig", "butt", "made", "size", "tube", "tion", "metal", "two", "structur", "result", "method", "field", "mahogani", "form", "time", "place", "provid", "less", "control"], "weights": [0.012, 0.008, 0.007, 0.007, 0.006, 0.005, 0.005, 0.004, 0.004, 0.004, 0.004, 0.004, 0.003, 0.003, 0.003, 0.003, 0.003, 0.003, 0.003, 0.003, 0.003, 0.003, 0.003, 0.003, 0.003, 0.003, 0.003, 0.002, 0.002, 0.002, 0.002, 0.002, 0.002, 0.002, 0.002, 0.002, 0.002, 0.002, 0.002, 0.002, 0.002, 0.002, 0.002, 0.002, 0.002, 0.002, 0.002, 0.002, 0.002, 0.002]}, {"words": ["wood", "amp", "rot", "fungi", "decay", "pine", "name", "speci", "metal", "white", "tree", "may", "fungu", "michx", "annosu", "island", "famili", "north", "resist", "var", "fungal", "heart", "fome", "infect", "also", "area", "fern", "oak", "live", "one", "caviti", "yeast", "field", "place", "resin", "toxic", "heartwood", "forest", "fir", "can", "gadd", "nest", "dead", "stream", "form", "brown", "open", "stage", "gener", "conif"], "weights": [0.01, 0.01, 0.01, 0.009, 0.008, 0.006, 0.004, 0.004, 0.004, 0.004, 0.003, 0.003, 0.003, 0.003, 0.003, 0.003, 0.002, 0.002, 0.002, 0.002, 0.002, 0.002, 0.002, 0.002, 0.002, 0.002, 0.002, 0.002, 0.002, 0.002, 0.002, 0.002, 0.002, 0.002, 0.002, 0.002, 0.002, 0.002, 0.002, 0.001, 0.001, 0.001, 0.001, 0.001, 0.001, 0.001, 0.001, 0.001, 0.001, 0.001]}, {"words": ["plant", "speci", "isol", "gene", "use", "cell", "fig", "armillaria", "express", "two", "differ", "host", "pathogen", "studi", "ear", "infect", "sequenc", "amp", "root", "also", "control", "cultur", "new", "diseas", "protein", "one", "fungal", "may", "insect", "analysi", "develop", "spore", "number", "fungi", "group", "corn", "genet", "biolog", "observ", "dna", "acid", "fungu", "contain", "result", "yeast", "show", "produc", "test", "inocul", "strain"],