{"alpha": [0.20000000298023224, 0.20000000298023224, 0.20000000298023224, 0.20000000298023224, 0.20000000298023224], "tw": [{"words": ["cigarett", "margin", "restor", "butt", "examin", "less", "100", "analysi", "class", "heifer", "strain", "caviti", "indic", "steer", "one", "show", "use", "yield", "weight", "teeth", "predict", "column", "rang", "chang", "volum", "serratia", "liquid", "001", "uniti", "herd", "type", "carcass", "greater", "usda", "effici", "reduc", "thick", "slaughter", "follow", "variabl", "extract", "increas", "develop", "produc", "area", "crown", "lesion", "experi", "patient", "incub"], "weights": [0.01, 0.009, 0.009, 0.007, 0.007, 0.006, 0.006, 0.005, 0.005, 0.004, 0.004, 0.004, 0.004, 0.004, 0.004, 0.004, 0.004, 0.003, 0.003, 0.003, 0.003, 0.003, 0.003, 0.003, 0.003, 0.003, 0.003, 0.003, 0.003, 0.003, 0.003, 0.003, 0.003, 0.003, 0.003, 0.003, 0.003, 0.003, 0.003, 0.003, 0.003, 0.003, 0.003, 0.003, 0.003, 0.003, 0.003, 0.003, 0.003, 0.003]}, {"words": ["carcass", "fat", "trim", "weight", "lean", "use", "growth", "cement", "cut", "type", "muscl", "differ", "fabric", "valu", "increas", "margin", "process", "post", "bone", "level", "compon", "size", "crown", "butt", "one", "percentag", "long", "determin", "rib", "sampl", "degre", "inject", "method", "three", "extract", "variabl", "clinic", "characterist", "restor", "sandwich", "depend", "primal", "12th", "subprim", "basi", "dna", "tail", "combin", "significantli", "condit"], "weights": [0.023, 0.019, 0.01, 0.009, 0.008, 0.008, 0.007, 0.007, 0.007, 0.007, 0.006, 0.006, 0.005, 0.005, 0.005, 0.005, 0.005, 0.005, 0.005, 0.005, 0.005, 0.004, 0.004, 0.004, 0.004, 0.004, 0.004, 0.004, 0.004, 0.004, 0.004, 0.004, 0.004, 0.003, 0.003, 0.003, 0.003, 0.003, 0.003, 0.003, 0.003, 0.003, 0.003, 0.003, 0.003, 0.003, 0.003, 0.003, 0.003, 0.003]}, {"words": ["margin", "bond", "use", "result", "butt", "restor", "porcelain", "group", "dentin", "smoke", "increas", "two", "effect", "pst", "dose", "differ", "composit", "studi", "enamel", "cigarett", "resin", "crown", "show", "contract", "caviti", "marijuana", "high", "adhes", "bevel", "concentr", "metal", "strength", "test", "analysi", "obtain", "polymer", "greater", "gap", "activ", "pig", "leakag", "agent", "found", "fit", "also", "shoulder", "techniqu", "day", "reduc", "etch"], "weights": [0.018, 0.012, 0.011, 0.01, 0.009, 0.009, 0.008, 0.008, 0.008, 0.007, 0.007, 0.006, 0.006, 0.006, 0.006, 0.006, 0.006, 0.005, 0.005, 0.005, 0.005, 0.005, 0.005, 0.004, 0.004, 0.004, 0.004, 0.004, 0.004, 0.004, 0.004, 0.004, 0.004, 0.004, 0.004, 0.004, 0.004, 0.004, 0.004, 0.003, 0.003, 0.003, 0.003, 0.003, 0.003, 0.003, 0.003, 0.003, 0.003, 0.003]}, {"words": ["butt", "strain", "cigarett", "ban", "gene", "smoke", "hsdhase", "measur", "nicotin", "use", "month", "12alpha", "result", "test", "chang", "product", "produc", "light", "studi", "length", "oligodendrocyt", "copi", "show", "respect", "cell", "contain", "end", "microscop", "report", "rrna", "organ", "abras", "3alpha", "except", "intracellular", "one", "silux", "smoker", "categori", "new", "estim", "consumpt", "design", "averag", "oxo", "subunit", "hydrogen", "found", "posit", "examin"], "weights": [0.016, 0.012, 0.009, 0.009, 0.008, 0.008, 0.007, 0.007, 0.007, 0.007, 0.006, 0.006, 0.005, 0.005, 0.005, 0.005, 0.005, 0.005, 0.005, 0.005, 0.005, 0.005, 0.004, 0.004, 0.004, 0.004, 0.004, 0.004, 0.004, 0.004, 0.004, 0.004, 0.004, 0.004, 0.004, 0.004, 0.003, 0.003, 0.003, 0.003, 0.003, 0.003, 0.003, 0.003, 0.003, 0.003, 0.003, 0.003, 0.003, 0.003]}, {"words": ["butt", "smoke", "joint", "cigarett", "margin", "use", "prepar", "bevel", "caviti", "composit", "dentin", "surfac", "measur", "nicotin", "resin", "test", "restor", "teeth", "extract", "human", "differ", "materi", "made", "amount", "follow", "found", "filter", "level", "length", "studi", "etch", "degre", "fill", "medium", "number", "fractur", "treat", "condens", "inhibit", "yield", "free", "round", "select", "either", "smoker", "appli", "one", "perform", "three", "two"], "weights": [0.021, 0.019, 0.012, 0.012, 0.011, 0.01, 0.01, 0.009, 0.009, 0.009, 0.008, 0.008, 0.008, 0.007, 0.007, 0.007, 0.005, 0.005, 0.005, 0.005, 0.005, 0.005, 0.004, 0.004, 0.004, 0.004, 0.004, 0.004, 0.004, 0.004, 0.004, 0.004, 0.003, 0.003, 0.003, 0.003, 0.003, 0.003, 0.003, 0.003, 0.003, 0.003, 0.003, 0.003, 0.003, 0.003, 0.003, 0.003, 0.003, 0.003]}]}