{"alpha": [0.20000000298023224, 0.20000000298023224, 0.20000000298023224, 0.20000000298023224, 0.20000000298023224], "tw": [{"words": ["ethanol", "increas", "mumol", "mol", "medg", "effect", "transform", "dose", "dna", "plasmid", "oesophag", "calvado", "methyl", "per", "contain", "higher", "nmbza", "alcohol", "modul", "beverag", "appl", "protoplast", "capsici", "use", "gene", "hygromycin", "parasitica", "pcm54", "element", "phytophthora", "made", "level", "similar", "farm", "nitrosamin", "bodi", "cancer", "aqueou", "significantli", "wine", "concentr", "oesophagu", "coincid", "bioactiv", "produc", "control", "lung", "content", "exposur", "studi"], "weights": [0.04, 0.018, 0.018, 0.018, 0.015, 0.015, 0.013, 0.013, 0.01, 0.01, 0.01, 0.01, 0.008, 0.008, 0.008, 0.008, 0.008, 0.008, 0.008, 0.008, 0.005, 0.005, 0.005, 0.005, 0.005, 0.005, 0.005, 0.005, 0.005, 0.005, 0.005, 0.005, 0.005, 0.005, 0.005, 0.005, 0.005, 0.005, 0.005, 0.005, 0.005, 0.005, 0.005, 0.005, 0.005, 0.005, 0.005, 0.003, 0.003, 0.003]}, {"words": ["acc", "synthas", "mrna", "cdna", "ethylen", "carnat", "caracc3", "product", "petal", "protein", "flower", "repres", "senesc", "tomato", "two", "isol", "use", "induc", "increas", "indic", "pcr", "squash", "clone", "accumul", "genom", "sequenc", "respect", "second", "screen", "appl", "acid", "amino", "dna", "base", "hybrid", "analysi", "gel", "enzym", "frame", "read", "gene", "associ", "encod", "blot", "activ", "prime", "transcript", "singl", "predict", "result"], "weights": [0.033, 0.033, 0.021, 0.017, 0.017, 0.017, 0.017, 0.017, 0.017, 0.013, 0.013, 0.013, 0.013, 0.013, 0.009, 0.009, 0.009, 0.009, 0.009, 0.009, 0.009, 0.009, 0.009, 0.009, 0.005, 0.005, 0.005, 0.005, 0.005, 0.005, 0.005, 0.005, 0.005, 0.005, 0.005, 0.005, 0.005, 0.005, 0.005, 0.005, 0.005, 0.005, 0.005, 0.005, 0.005, 0.005, 0.005, 0.005, 0.005, 0.005]}, {"words": ["strain", "dna", "genom", "ppav", "organ", "plant", "flower", "methyl", "valu", "content", "iowa", "methylcytosin", "kbp", "high", "speci", "size", "growth", "000", "degre", "differ", "mycoplasma", "serolog", "gradient", "veget", "known", "famili", "cell", "sequenc", "appl", "relationship", "addit", "gener", "500", "reveal", "variou", "isol", "temperatur", "studi", "mda", "confirm", "yield", "measur", "optimum", "one", "mollicut", "test", "regul", "bud", "comparison", "genu"], "weights": [0.026, 0.023, 0.02, 0.017, 0.017, 0.015, 0.015, 0.012, 0.012, 0.012, 0.012, 0.012, 0.012, 0.009, 0.009, 0.009, 0.009, 0.009, 0.009, 0.009, 0.009, 0.009, 0.009, 0.009, 0.009, 0.006, 0.006, 0.006, 0.006, 0.006, 0.006, 0.006, 0.006, 0.006, 0.006, 0.006, 0.006, 0.006, 0.006, 0.006, 0.006, 0.006, 0.006, 0.006, 0.006, 0.006, 0.006, 0.006, 0.006, 0.006]}, {"words": ["sequenc", "protein", "movement", "acid", "famili", "amino", "program", "viru", "structur", "use", "restrict", "dna", "cell", "secondari", "describ", "similar", "appl", "base", "comput", "comovirus", "two", "hydrophob", "predict", "algorithm", "larg", "method", "design", "site", "peptid", "given", "determin", "gene", "enzym", "synthet", "requir", "conserv", "motif", "databas", "geminivirus", "rna", "can", "hsp90", "caulimo", "virus", "plant", "mediat", "aclsv", "direct", "set", "numer"], "weights": [0.037, 0.037, 0.025, 0.017, 0.017, 0.015, 0.015, 0.015, 0.013, 0.013, 0.01, 0.01, 0.01, 0.008, 0.008, 0.008, 0.008, 0.008, 0.008, 0.008, 0.008, 0.005, 0.005, 0.005, 0.005, 0.005, 0.005, 0.005, 0.005, 0.005, 0.005, 0.005, 0.005, 0.005, 0.005, 0.005, 0.005, 0.005, 0.005, 0.005, 0.005, 0.005, 0.005, 0.005, 0.005, 0.005, 0.005, 0.003, 0.003, 0.003]}, {"words": ["dna", "form", "mitochondri", "rel", "develop", "supercoil", "use", "program", "loss", "exposur", "amount", "irradi", "reliabl", "imag", "sensit", "nick", "circular", "chang", "can", "macintosh", "comput", "appl", "studi", "increas", "blot", "dose", "evalu", "graphic", "tissu", "cell", "depend", "method", "routin", "analysi", "name", "charg", "nitrocellulos", "wide", "varieti", "reflect", "roentgen", "molecular", "quantit", "examin", "retrospect", "375", "densitometr", "avail", "previou", "1500"], "weights": [0.022, 0.022, 0.016, 0.016, 0.016, 0.016, 0.011, 0.011, 0.011, 0.011, 0.011, 0.011, 0.011, 0.011, 0.011, 0.011, 0.011, 0.006, 0.006, 0.006, 0.006, 0.006, 0.006, 0.006, 0.006, 0.006, 0.006, 0.006, 0.006, 0.006, 0.006, 0.006, 0.006, 0.006, 0.006, 0.006, 0.006, 0.006, 0.006, 0.006, 0.006, 0.006, 0.006, 0.006, 0.006, 0.006, 0.006, 0.006, 0.006, 0.006]}]}