{"alpha": [0.10000000149011612, 0.10000000149011612, 0.10000000149011612, 0.10000000149011612, 0.10000000149011612, 0.10000000149011612, 0.10000000149011612, 0.10000000149011612, 0.10000000149011612, 0.10000000149011612], "tw": [{"words": ["medicin", "use", "develop", "patient", "physician", "practic", "treatment", "intern", "train", "result", "clinic", "function", "laser", "prescrib", "social", "therapi", "knowledg", "self", "test", "teach", "respons", "drug", "need", "program", "survey", "medic", "field", "studi", "nonprescrib", "among", "import", "also", "fellow", "care", "prepar", "research", "educ", "organ", "question", "applic", "veterinari", "appli", "emphas", "increas", "physic", "relat", "like", "cancer", "decis", "investig"], "weights": [0.043, 0.015, 0.009, 0.009, 0.007, 0.005, 0.005, 0.004, 0.004, 0.004, 0.004, 0.004, 0.004, 0.004, 0.004, 0.004, 0.003, 0.003, 0.003, 0.003, 0.003, 0.003, 0.003, 0.003, 0.003, 0.003, 0.003, 0.003, 0.003, 0.003, 0.003, 0.003, 0.003, 0.003, 0.003, 0.003, 0.003, 0.003, 0.002, 0.002, 0.002, 0.002, 0.002, 0.002, 0.002, 0.002, 0.002, 0.002, 0.002, 0.002]}, {"words": ["medicin", "medic", "develop", "school", "clinic", "faculti", "teach", "academ", "depart", "famili", "univers", "research", "educ", "patient", "hospit", "system", "first", "cours", "gener", "use", "program", "curriculum", "time", "health", "year", "problem", "student", "member", "new", "nuclear", "describ", "commun", "effect", "one", "can", "present", "care", "includ", "continu", "support", "part", "model", "prevent", "import", "intern", "experi", "societi", "discuss", "activ", "center"], "weights": [0.042, 0.019, 0.011, 0.011, 0.01, 0.01, 0.009, 0.009, 0.008, 0.007, 0.007, 0.007, 0.007, 0.006, 0.006, 0.006, 0.006, 0.006, 0.005, 0.005, 0.005, 0.005, 0.005, 0.004, 0.004, 0.004, 0.004, 0.004, 0.004, 0.003, 0.003, 0.003, 0.003, 0.003, 0.003, 0.003, 0.003, 0.003, 0.003, 0.003, 0.003, 0.003, 0.003, 0.003, 0.003, 0.003, 0.003, 0.003, 0.003, 0.003]}, {"words": ["medicin", "nuclear", "famili", "use", "effect", "system", "articl", "clinic", "diagnost", "group", "dose", "tradit", "eye", "journal", "case", "medic", "western", "present", "develop", "treatment", "practic", "author", "futur", "mean", "psychosomat", "studi", "form", "sport", "applic", "activ", "method", "differ", "type", "examin", "equival", "msv", "field", "diseas", "discuss", "patient", "time", "theori", "treat", "therapeut", "point", "increas", "neurolog", "chines", "specif", "includ"], "weights": [0.043, 0.011, 0.01, 0.007, 0.006, 0.006, 0.006, 0.006, 0.006, 0.005, 0.005, 0.005, 0.005, 0.005, 0.004, 0.004, 0.004, 0.004, 0.004, 0.004, 0.004, 0.004, 0.004, 0.004, 0.004, 0.004, 0.003, 0.003, 0.003, 0.003, 0.003, 0.003, 0.003, 0.003, 0.003, 0.003, 0.003, 0.003, 0.003, 0.003, 0.003, 0.003, 0.003, 0.003, 0.003, 0.003, 0.003, 0.003, 0.002, 0.002]}, {"words": ["medicin", "medic", "scienc", "practic", "use", "problem", "philosophi", "gener", "patient", "three", "articl", "method", "altern", "practition", "inform", "referr", "clinic", "studi", "informat", "model", "system", "work", "direct", "process", "scientif", "part", "physician", "present", "group", "exist", "centuri", "make", "chines", "field", "one", "disciplin", "organ", "journal", "tradit", "well", "rehabilit", "current", "defin", "relev", "theori", "self", "knowledg", "program", "critiqu", "activ"], "weights": [0.042, 0.016, 0.008, 0.007, 0.006, 0.006, 0.006, 0.006, 0.006, 0.005, 0.004, 0.004, 0.004, 0.004, 0.004, 0.004, 0.004, 0.004, 0.004, 0.004, 0.003, 0.003, 0.003, 0.003, 0.003, 0.003, 0.003, 0.003, 0.003, 0.003, 0.003, 0.003, 0.003, 0.003, 0.003, 0.003, 0.003, 0.003, 0.002, 0.002, 0.002, 0.002, 0.002, 0.002, 0.002, 0.002, 0.002, 0.002, 0.002, 0.002]}, {"words": ["medicin", "emerg", "resid", "patient", "year", "physician", "care", "train", "intern", "student", "studi", "practic", "examin", "medic", "program", "famili", "clinic", "report", "group", "pediatr", "clerkship", "less", "use", "two", "hospit", "differ", "graduat", "perform", "rate", "servic", "first", "object", "school", "questionnair", "rotat", "third", "percent", "educ", "one", "per", "three", "level", "respond", "specialti", "provid", "faculti", "hour", "time", "evalu", "board"], "weights": [0.043, 0.027, 0.021, 0.014, 0.012, 0.012, 0.011, 0.011, 0.01, 0.01, 0.009, 0.009, 0.009, 0.009, 0.009, 0.008, 0.007, 0.007, 0.006, 0.006, 0.006, 0.006, 0.005, 0.005, 0.005, 0.005, 0.005, 0.005, 0.005, 0.004, 0.004, 0.004, 0.004, 0.004, 0.004, 0.004, 0.004, 0.004, 0.004, 0.004, 0.004, 0.004, 0.004, 0.003, 0.003, 0.003, 0.003, 0.003, 0.003, 0.003]}, {"words": ["medicin", "train", "intern", "resid", "care", "program", "medic", "famili", "practic", "gener", "primari", "specialti", "career", "student", "survey", "graduat", "geriatr", "educ", "provid", "physician", "research", "develop", "year", "clinic", "school", "academ", "commun", "faculti", "increas", "patient", "servic", "number", "problem", "subspecialti", "teach", "consult", "time", "includ", "area", "interest", "experi", "depart", "need", "work", "respond", "may", "chang", "health", "ambulatori", "women"], "weights": [0.047, 0.021, 0.02, 0.02, 0.019, 0.017, 0.016, 0.013, 0.013, 0.011, 0.01, 0.009, 0.008, 0.007, 0.007, 0.007, 0.007, 0.006, 0.006, 0.006, 0.005, 0.005, 0.005, 0.005, 0.005, 0.005, 0.005, 0.004, 0.004, 0.004, 0.004, 0.004, 0.004, 0.004, 0.004, 0.004, 0.004, 0.004, 0.003, 0.003, 0.003, 0.003, 0.003, 0.003, 0.003, 0.003, 0.003, 0.003, 0.003, 0.003]}, {"words": ["medicin", "medic", "health", "patient", "use", "physician", "clinic", "diseas", "care", "tradit", "develop", "scienc", "practic", "new", "system", "effect", "research", "method", "one", "problem", "scientif", "approach", "can", "chang", "concept", "studi", "import", "knowledg", "base", "modern", "human", "also", "treatment", "histori", "altern", "differ", "present", "well", "inform", "may", "paper", "gener", "understand", "must", "social", "natur", "discuss", "qualiti", "concern", "field"], "weights": [0.048, 0.014, 0.009, 0.009, 0.008, 0.006, 0.006, 0.006, 0.006, 0.006, 0.005, 0.005, 0.005, 0.005, 0.004, 0.004, 0.004, 0.004, 0.004, 0.004, 0.004, 0.004, 0.004, 0.004, 0.004, 0.004, 0.004, 0.004, 0.004, 0.004, 0.004, 0.003, 0.003, 0.003, 0.003, 0.003, 0.003, 0.003, 0.003, 0.003, 0.003, 0.003, 0.003, 0.003, 0.003, 0.003, 0.003, 0.003, 0.003, 0.003]}, {"words": ["medicin", "health", "medic", "occup", "train", "public", "prevent", "intern", "physician", "servic", "care", "present", "educ", "social", "develop", "gener", "organ", "item", "clinic", "work", "cours", "specialist", "diseas", "student", "describ", "environment", "associ", "institut", "also", "american", "commun", "nuclear", "need", "special", "discuss", "problem", "scientif", "nation", "recent", "practic", "import", "specialti", "standard", "knowledg", "interest", "field", "role", "base", "data", "disciplin"], "weights": [0.045, 0.022, 0.016, 0.016, 0.01, 0.009, 0.008, 0.008, 0.007, 0.006, 0.006, 0.006, 0.006, 0.006, 0.006, 0.006, 0.005, 0.005, 0.004, 0.004, 0.004, 0.004, 0.004, 0.004, 0.004, 0.004, 0.004, 0.004, 0.004, 0.003, 0.003, 0.003, 0.003, 0.003, 0.003, 0.003, 0.003, 0.003, 0.003, 0.003, 0.003, 0.003, 0.003, 0.003, 0.003, 0.003, 0.003, 0.003, 0.003, 0.003]}, {"words": ["medicin", "famili", "use", "clinic", "medic", "school", "depart", "research", "mani", "univers", "travel", "may", "disciplin", "unit", "fund", "develop", "approach", "problem", "physician", "describ", "sourc", "practic", "teacher", "articl", "psychosomat", "health", "discuss", "public", "concept", "measur", "serv", "societi", "present", "year", "role", "laboratori", "system", "edit", "substanc", "number", "found", "autopsi", "analysi", "mean", "diseas", "feder", "plant", "professor", "interview", "one"],